"entry","species","logratio","sample1means","sample2means"
"AMGIMNSFVNDIFER","HUMAN",8.19583994706186,24456325.0476415,81948.9299706
"LVQDVANNTNEEAGDGTTTATVLAR","HUMAN",-4.5953271107141,127409.6324928,3026072.4123357
"VNQIGSVTESIQAC(UniMod:4)K","HUMAN",-5.36660262012199,134171.2157688,5438930.0271432
"VNQIGSVTESLQAC(UniMod:4)K","HUMAN",-5.36660262012199,134171.2157688,5438930.0271432
"AIDKPFLLPIEDVFSISGR","ECOLI",5.01577593905805,4968778.657059,150902.4860406
"QVPILQK","ECOLI",-4.33170990044989,173485.6877376,3432290.3370987
