"entry","species","logratio","sample1means","sample2means"
"EIIDLVLDR","HUMAN",-4.07835013970146,102738.3663201,1735901.5176699
"GLFIIDDK","HUMAN",4.33924277203808,1314103.9807938,64934.3055795
"AIDKPFLLPIEDVFSISGR","ECOLI",-6.69238646156433,104338.7698437,10792982.726379
"ALVSPEAIGSLIVTK","ECOLI",-4.3554196426375,7661.50623,156860.2192185
"SMLNPGSALLTLSYLGAER","ECOLI",-4.21616725206416,23239.902231,432029.9040855
