"entry","species","logratio","sample1means","sample2means"
"ALMLQGVDLLADAVAVTMGPK","HUMAN",5.17742237421678,66.2722056698088,1.74269967070921
"LLPEQLIK","HUMAN",5.17176544274354,1336.854161245,35.2921456114724
"DESLLADELR","YEAST",-6.59701067238814,4.84200563079036,446.040139776607
"AAGYHQTLLQIPQMYQLDTPFVNVIK","ECOLI",-4.52888913823023,5.73097117914229,125.895515667621
