"entry","species","logratio","sample1means","sample2means"
"LLLPGELAK","HUMAN",-5.60376234619294,224.272446450115,9950.07969474708
"LILPGELAK","YEAST",-5.11402929150485,224.251407673211,7085.35275690627
