"entry","species","logratio","sample1means","sample2means"
"TVTSLDVVYALK","YEAST",-4.09895728254082,62.6244252235778,1048.85263300696
"AVAAGMNPMDLK","ECOLI",-4.40399944139919,16.3752962883239,338.833799970132
"TQGVELEIR","ECOLI",-4.65821531715236,3.26598103882394,80.600516100325
