"entry","species","logratio","sample1means","sample2means"
"AILVDLEPGT[15.995(M)]MDSVR","HUMAN",5.53076066835889,34.8605864016907,0.731132737969014
"GITFDSGGISIK","HUMAN",-4.17602425956632,0.247134328700539,4.33139751903646
"GLANVF[57.021(C)]CVFTK","HUMAN",-5.67873174492444,3.58813744087494,178.206715185343
"HTGSGILS[15.995(M)]MANAGPNTNGSQFFI[57.021(C)]CTAK","HUMAN",-4.54405474035418,2.47269174246493,55.9310741304943
"I[15.995(M)]MGIPEEEQMGLLR","HUMAN",4.21908315221037,56.6683099485237,2.95023139416858
"NDIAINELMK","HUMAN",-5.59370223776103,6.03240828409212,282.455015345516
"NQKPEVR","HUMAN",-4.14128857606187,2.23741354426881,38.2811298589569
"TSDIFGSPVTATSR","HUMAN",4.44023249639029,17.2768045525566,0.771625646112228
"TSTPEDFIR","HUMAN",5.10090089634716,7.48070499411407,0.211351218620517
"[57.021(C)]C[15.995(M)]MPTFQFFK","HUMAN",-7.29876878404884,3.14845219793097,480.653204253476
"ALDQVYK","YEAST",4.21621246222503,16.3173355036613,0.851195318827835
"SIGGEVFIDFTK","YEAST",7.66833986933057,550.416012164759,2.62347629506529
"VVSLPDFYTFDR","YEAST",-4.53569361757003,3.24368694056089,72.9466185404526
"EN[57.021(C)]CIFLDNPHQAR","ECOLI",-4.83339577350203,0.215761147597917,5.96426257180574
"EYFAPLAEATR","ECOLI",-5.66303088479263,0.998728421140324,49.0654712217116
"FPLHEMRDDVAFQIINDELYLDGNAR","ECOLI",-4.12029408898762,1.88790244914536,31.8345022738606
"GFGFITPEDGSK","ECOLI",-4.3926951954351,2.41762065688664,49.2388131216287
"LGTSTVSPIELENAVR","ECOLI",-4.05892031639325,0.641578146987002,10.3679460974202
"MFDGSSIGGWK","ECOLI",-4.11735960870415,0.715924112517684,12.0476443211921
"MIIVTGGAGFIGSNIVK","ECOLI",4.39607725966651,174.999388642111,8.05882668070583
"VIFLTADAFGVLPPVSR","ECOLI",-4.02184235751018,0.249682105285081,3.93250250153712
