"entry","species","logratio","sample1means","sample2means"
"LLLPGELAK","HUMAN",-5.6064793946898,2983330.09483305,139250904.694153
"LILPGELAK","YEAST",-5.14189258626981,2983030.60593523,100902019.984019
