"entry","species","logratio","sample1means","sample2means"
"LLPEQLIK","HUMAN",4.22227081704771,207.379632468051,10.5959111265099
"C[CAM]GGIDKR","YEAST",4.28503655217565,28.660887574941,1.40206282101738
"DIQIPVYDTFDGSDLR","YEAST",4.055666918994,32.724556470551,1.87671681984535
"DIYGWTQTSLDDYPIK","YEAST",4.0071477411703,14.6723434892222,0.870222264972015
"FVPSKPM[Oxi]C[CAM]VEAFSEYPPLGR","YEAST",5.12204414516417,2280.32467487677,62.4467919026467
"HLDAEPR","YEAST",-4.14071232858983,1.29269660175677,21.7459103730787
"KIDVNEQSK","YEAST",-5.08832224121254,1.77847164123678,57.7014781870826
"KQEQIFNQK","YEAST",5.44025222888726,19.041014592145,0.418228238986408
"LGGSSLLEC[CAM]VVFGR","YEAST",4.58297660433989,17.479028584127,0.695514578452369
"NAQYDWMLQALR","YEAST",4.52692989414489,15.4227191870808,0.63800140776873
"TVFIQELINNIAK","YEAST",6.24707157033955,89.0043245134156,1.1175257863835
"VFGLNNIQAEELVEFSSGVK","YEAST",4.83539830468619,25.9413466370154,0.866552657567101
"VLIKDEAK","YEAST",-4.5518651690023,1.19053144743147,26.6312281963864
"WQTLIEANVTVK","YEAST",-4.20490081635131,1.50807423606259,26.5232273104718
"YNAFIASEVLIK","YEAST",4.13257390478018,66.8854265598295,3.63668067497849
"YYNAVNPFEFMEDVATAGK","YEAST",7.57306747229869,141.657409685446,0.709449031309902
"ESPDYWLEYGNPWEFKR","ECOLI",4.02925226007884,11.4968128306138,0.671512409719159
"GVSADQISIVSYGK","ECOLI",-4.39800344811647,0.547127596157493,11.000741297534
"ISIQLNDGR","ECOLI",5.48574854586332,70.6272358739889,1.50314100035499
"LKTNNPEQLEK","ECOLI",4.81252183649833,26.157046365067,0.887723357191121
"LLEVTPR","ECOLI",4.19379296063108,144.276659165467,7.51866911933842
"QAGTPIDVVWPK","ECOLI",-4.58095700471575,0.220553612293694,5.03410204437666
"VVVSLGPQGALGVDSENC[CAM]IQVVPPPVK","ECOLI",-4.10910299948908,0.863871943222652,14.2172303385499
