"entry","species","logratio","sample1means","sample2means"
"1/tr|C8ZH60|C8ZH60_YEAS8","YEAST",4.10227718258629,1119.57817686131,64.4022573718718
"1/sp|P04693|TYRB_ECOLI","ECOLI",-4.0592022599714,2.22832189162587,36.7007309347692
