"entry","species","logratio","sample1means","sample2means"
"GLGDC[CAM]LVK","HUMAN",5.76940621981164,820335.897929311,15086.9700089421
"NALDPMSVLLAR","HUMAN",6.72431837062407,909265.108313683,8626.67895072174
"DIVNIIK","YEAST",-4.26410150012891,44617.165380896,860001.227157499
"VINDAFGIEEGLMTTVHSMTATQK","YEAST",4.99779918699229,217340.011067632,6823.80891461107
"AAPDVQLLMNDSQNDQSK","ECOLI",-4.01873261523439,2821.8477344574,45884.6345511859
"ALADSC[CAM]TDC[CAM]R","ECOLI",-4.13849182473821,1942.35074357623,34317.2494733383
"EAFATIAVAADKVDVLK","ECOLI",-4.05283839346109,4652.55062494149,77462.5288826343
"KPVNSWTC[CAM]EDFLAVDESFQPTAVGFAEALNNK","ECOLI",-4.33777148784451,1848.26403918794,37491.9462341203
"LLSNFFAQTEALAFGK","ECOLI",-4.08102312384505,14519.444027495,246510.260012479
"LTAAC[CAM]FDRWDLPLSDMYTPYVFPSENGLR","ECOLI",-4.33673928578749,1127.23151082527,22849.482506817
"MIQEQTMLNVADNSGAR","ECOLI",-5.30792787936947,17051.600032693,677618.545145836
"SVANAIIAAC[CAM]DEVLNNGK","ECOLI",-4.05500118280995,9103.39245629184,151794.100902827
