"entry","species","logratio","sample1means","sample2means"
"C[+57]LEDLTSR","HUMAN",4.62099680144692,2117793,87797.6666666667
"VHGPGIQSGTTNKPNK","HUMAN",4.07316460611072,162856,9870
"VIHDNFGIVEGLMTTVHAITATQK","HUMAN",4.28559737801164,1296685.5,67826.5
"ANIDVKDQK","YEAST",5.17932904161518,3251980,91553
"AVNGNPDR","YEAST",-4.30608512218969,57428,1158891
"DLPEGEEKPR","YEAST",5.36016753961351,955255,23725
"EALDFFAR","YEAST",-8.36658068243623,16623,5597051
"GKPDTQVTKDEEPAR","YEAST",4.58066332056235,190863.666666667,8137
"GSGSTFIYGYC[+57]DK","YEAST",-4.02808644564505,58178.3333333333,968265
"IQQLLTDEGVLGK","YEAST",-4.07082006481851,59563.6666666667,1021124
"KELDALK","YEAST",-5.4336892874128,107383.666666667,4734780
"KLEGLQK","YEAST",-5.05137233526659,109754.333333333,3712738.66666667
"KLENAIK","YEAST",-4.56823340226399,111621,2701340.33333333
"KQYPVEEFKLPK","YEAST",4.2939648348847,1202661,62544.5
"MAIEQGNDIFIPEQEHKQ","YEAST",-4.2235057426539,16579,315950
"REAGEVKDDGAFVK","YEAST",4.23849843326867,313063,16919
"VFEDIPIEEAEK","YEAST",-5.4353048146386,70190,3098297.66666667
"YESATASALAN","YEAST",-5.21089469428989,59443.6666666667,2245946
"AAIQSLPR","ECOLI",5.39283445189933,7583007.66666667,184117.333333333
"AFTDFFAR","ECOLI",4.75740588445764,5251453.66666667,198068.666666667
"AHELGMVTVLWAYLR","ECOLI",4.84911787254647,852492,30173
"HDAVIAEMQQLGVR","ECOLI",4.03579774266706,1230579,76537
"HGAVSVMQYR","ECOLI",-5.03347063523071,26174,874488
"KIAAEEGK","ECOLI",-4.36014504518748,32810,687383
"LGLTNTTFQTVHGLDAPGQFSTAR","ECOLI",-4.30341787669913,38891,783366.666666667
