"entry","species","logratio","sample1means","sample2means"
"C[+57]LEDLTSR","HUMAN",4.91137685187034,6223686.33333333,198874.666666667
"C[+57]LFTLLGHLDYIR","HUMAN",4.11460650452129,1021895,56727
"MADEAILQER","HUMAN",-4.39678155835288,136190,2758747
"NLQSEVEGVK","HUMAN",-4.03209402742843,141083,2219522
"TTQLGPGR","HUMAN",-5.2843957985353,75054,2812801
"EQSLDGIFEETK","YEAST",-5.35479647763989,164822,6485942
"EVYDFLASATAK","YEAST",4.35994520104104,3712534,173860
"IPSIALGTYDIPR","YEAST",4.21666296272644,430565.5,22269
"KIDVSQYGVIMAGAQK","YEAST",-4.82778212768335,219059,5982350.5
"LQAITFAEAAK","YEAST",-6.56410628494358,120524,10966548
"SFDVPPPPIDASSPFSQKGDER","YEAST",4.16817413003104,1723414,92182.3333333333
"AFNPWPMSWLEIEGQPVK","ECOLI",4.51436090225007,1145929,48217.3333333333
"AFNSLNR","ECOLI",4.25742002389013,6142135,308824.5
"AFTDFFAR","ECOLI",5.31808892275249,14896765.5,359080
"AGQLNPDTR","ECOLI",-4.45534243261121,72194,1522987.5
"AVYEAIGFVAKP","ECOLI",4.15197943145423,3247417,175659.333333333
"EMGTGLVVTELMGQGVSAITGDYSR","ECOLI",4.20878883132071,2367902.33333333,123139
"FLWFIESNIE","ECOLI",4.72511080668843,1016604.5,36962
"FTPESVSR","ECOLI",5.54302569912881,12707951,262097
"LDRIDELMQK","ECOLI",-4.59144593136301,69742,1616817
"LLNEMAQQR","ECOLI",-5.63027734748397,66556,3170101
"NGQAVGTNTIGSSEAC[+57]MLGGMAMK","ECOLI",-4.00641025885714,120225,1858009.66666667
"VTALPAIADDSGLAVDVLGGAPGIYSAR","ECOLI",4.92540307746983,4714252,149184
"VTVKDAIAADQLFTTLMGDAVEPR","ECOLI",4.51674664312746,2342174.5,98389
