"entry","species","logratio","sample1means","sample2means"
"NALDPMSVLLAR","HUMAN",6.72257295260505,909265.108313683,8626.67895072174
"VINDAFGIEEGLMTTVHSMTATQK","YEAST",4.99605376897328,217340.011067632,6823.80891461107
"EAFATIAVAADKVDVLK","ECOLI",-4.0545838114801,4652.55062494149,77462.5288826343
"KPVNSWTC[CAM]EDFLAVDESFQPTAVGFAEALNNK","ECOLI",-4.33951690586352,1848.26403918794,37491.9462341203
"LLSNFFAQTEALAFGK","ECOLI",-4.08276854186406,14519.444027495,246510.260012479
"SVANAIIAAC[CAM]DEVLNNGK","ECOLI",-4.05674660082896,9103.39245629184,151794.100902827
