"entry","species","logratio","sample1means","sample2means"
"LLLPGELAK","HUMAN",-5.60566719850058,2983330.09483305,139250904.694153
"NIYSEELR","HUMAN",-4.91921100144643,28809.0063657624,835566.634861408
"RVFIMDNC[CAM]EELIPEYLNFIR","HUMAN",-5.77779443006653,7883.58169973526,414606.158466967
"SIGTANRPMGAGEALR","HUMAN",4.86604338913245,650932.911094857,21396.0672097047
"AISEGLVSR","YEAST",4.42390235590775,652300.227261628,29130.1664774967
"IGDYILK","YEAST",4.30215598118505,427609.087005216,20777.4225994061
"IGEFESSFLSYLK","YEAST",-4.78982957565461,5630.78404574561,149304.876152942
"IYQPGETIIR","YEAST",-4.75764381650575,7614.27822132725,197444.473776418
"LILPGELAK","YEAST",-5.14108039008058,2983030.60593523,100902019.984019
"LLGSDVIEK","YEAST",-4.97763865568776,38142.158240209,1151984.27354933
"VDIGQIIFSVR","YEAST",-6.40831798198986,10534.0287130009,857656.090281551
"AFSIDGPVLVDVVVAK","ECOLI",-6.07809670834753,2458.89691832677,159240.118543408
"DGTYETIYNK","ECOLI",-4.00046404359112,37001.6870146372,567680.456112564
"GEMPSDFDAK","ECOLI",-4.75525355818232,7647.58934098666,197979.973147938
"IMWVMYEHPETHFEELALR","ECOLI",-4.56555855367107,19717.7127034174,447558.026176422
"IWGVTGDSLNGLSDSLNR","ECOLI",-4.32812241628026,13810.7093223833,265909.222788777
"MIHTLLGEENFQK","ECOLI",-4.38805361266458,32601.0159046223,654319.159690185
"NALDKIPLDADLR","ECOLI",-4.18914596944165,11878.1950548586,207697.748872358
"NIPVGSTVHNVEMKPGK","ECOLI",-7.02574726011909,13141.4432281839,1641445.5249127
"NLLPAAFAK","ECOLI",4.02506735465653,1174412.27991597,69147.6331320871
"QLPLNFYQIQTK","ECOLI",-4.18924186827446,8754.48597302459,153087.896766838
"RQPVASFEQALDWLVK","ECOLI",-4.96335723059533,3359.34023396095,100460.686318744
"SKEMC[CAM]PYQTLNQR","ECOLI",-4.64768730596621,29990.4836806994,720608.703779704
