"entry","species","logratio","sample1means","sample2means"
"IASTWEGIQAAR","YEAST",4.61910981406374,63389.0052402805,2561.80819075539
"IEEVIDLILR","YEAST",5.01135612078665,38470.0950057586,1184.61718406369
"TASAQLEGGVHNLHSYEK","YEAST",4.02907767394609,58849.9794616059,3580.10992506649
"TSAVAALTEVRAEDEAALAK","YEAST",4.24632181480015,138087.795707078,7226.17275945275
"AAGLSQYEHLIDDAIAWGKK","ECOLI",-4.18512539694628,3483.76134350709,62939.0171356613
"AEANPALHPGQSAAIYLK","ECOLI",-4.13834509216105,2388.51952648502,41775.156149646
"DC[CAM]DIEPELKPIR","ECOLI",-5.0826168901038,2100.48236632865,70690.7291126271
"DLETQSQDGTFDK","ECOLI",-4.77418261982226,861.716637950125,23418.5462746398
"EAFATIAVAADKVDVLK","ECOLI",-6.39573408135149,787.237154684942,65831.9419678369
"EGPAEDFANQEAIAK","ECOLI",-5.07216886150033,2105.67979304184,70354.2893480382
"EM[Oxi]LPVLEAVAK","ECOLI",-4.65392652971671,8838.79791071704,220997.809027957
"FLSAPEAVEYGLVDSILTHR","ECOLI",-4.50581785571119,3075.59757867055,69396.7481798659
"IDIGDLQNLQPGATVPVTLTR","ECOLI",-4.91224306675759,1805.49839489407,53994.9193044542
"IENGLLLLNGKPLLIR","ECOLI",-4.2827256264593,2513.48767987331,48587.9883058239
"ISLPTPIMSGVR","ECOLI",-4.68268782502247,5648.29413429867,144068.847117568
"LAIALAQEGGIGFIHK","ECOLI",-4.05249949703303,3146.13603512635,51847.1255564925
"LDDTSSEFNTQR","ECOLI",-4.50373347468223,982.398790382378,22134.5128453593
"LGEPVFDVQEC[CAM]QIR","ECOLI",-4.33989100740621,10628.3796657438,213760.625527116
"LQTVLFQQQLGTLR","ECOLI",-5.37388706219489,3273.33358558598,134807.714636049
"SMLNPGSALLTLSYLGAER","ECOLI",-4.28693652742882,18522.0242103282,359094.052765449
"SNDLTVNC[CAM]LTGK","ECOLI",-4.48434861163173,4055.08645576676,90146.0790814608
"TYSGLDYPSLEAVIR","ECOLI",-5.40479441259683,3383.85827678987,142377.277708588
"VLGETIKDALGEHILER","ECOLI",-4.4325160765252,2502.02210010776,53658.0291969158
