"entry","species","logratio","sample1means","sample2means"
"TVTSLDVVYALK","YEAST",-4.08799317531435,96.3066483159491,1551.22726889347
"AVAAGMNPMDLK","ECOLI",-4.40335499922741,25.1319232650789,503.707312084275
