"entry","species","logratio","sample1means","sample2means"
"1/tr|C8Z504|C8Z504_YEAS8","YEAST",5.52227141153873,133.522466289783,2.89522041260856
"2/tr|C8Z5D5|C8Z5D5_YEAS8/tr|C8Z3Z6|C8Z3Z6_YEAS8","YEAST",5.27883837261351,6651.0038350377,170.724217719406
