"entry","species","logratio","sample1means","sample2means"
"C[CAM]PEALFQPSFLGM[Oxi]ESC[CAM]GIHETTFNSIMK","HUMAN",4.82793749930411,11166173.8218839,394385.815841465
"VETGVLKPGM[Oxi]VVTFAPVNVTTEVK","HUMAN",6.10283132794832,13084809.9028205,190986.661308009
"LGFTFSYPVDQTSLNSGTLIR","YEAST",4.48283927793481,342399.745429903,15361.5575459824
"VFGLNNIQAEELVEFSSGVK","YEAST",4.07965005304681,675275.321832658,40064.0406819884
"VFLVGSGAIGC[CAM]EMLK","YEAST",4.10487375893019,584983.574854263,34105.5022659087
"YNAFIASEVLIK","YEAST",4.33627676858388,1735347.80327228,86180.311778151
"AANAGGVATSGLEMAQNAAR","ECOLI",-4.41196456660031,12274.2406492917,262119.430423348
"EAFPGDVFYLHSR","ECOLI",-4.57729231726715,54839.1420223085,1313299.70072716
"VFM[Oxi]QPASEGTGIIAGGAMR","ECOLI",-4.29017258242394,15340.4396836266,301078.226185709
