"entry","species","logratio","sample1means","sample2means"
"ELAAQSLSLAPQILVEK","YEAST",4.47691458677467,217411.016520815,9757.93604468965
"IEEVIDLILR","YEAST",4.88961947773315,22773.7933436607,767.847977349912
"IQRPEYFITANDVK","YEAST",5.06698434709577,189935.73693821,5663.10233323127
"MVVTLIHPIAM[Oxi]DDGLR","ECOLI",-4.08905433460647,15338.8415630177,260905.100649782
