"entry","species","logratio","sample1means","sample2means"
"IIIPEIQK","HUMAN",-6.55052316891981,140.956348918771,11995.4211471453
"MFLLVGAPK","HUMAN",-5.2480103226671,18.7503604148287,646.911753538137
"DFIDLMR","YEAST",-4.32717095304998,30.6936061137462,559.349257433939
"ITFIDGDEGILLHR","ECOLI",-4.1427485047094,8.59954996557388,137.909500555594
