"entry","species","logratio","sample1means","sample2means"
"1/sp|P06756|ITAV_HUMAN","HUMAN",-4.42208424755071,77.6126884211234,1595.79179678979
"1/sp|P55060|XPO2_HUMAN","HUMAN",-5.05478867105863,618.076014343889,19703.727887445
