"DIAumpire.HUMAN"	"OpenSWATH.HUMAN"	"PeakView.HUMAN"	"Skyline.HUMAN"	"Spectronaut.HUMAN"
"iteration.1"	0.0605104188501098	0.0483568890210806	0.0691908074711614	0.0634470137037543	-0.0250667050928368
"iteration.2"	NA	0.0663432235890954	0.0560661317037715	0.0548584864778961	-0.0124752321063457
