"DIAumpire"	"OpenSWATH"	"PeakView"	"Skyline"	"Spectronaut"
"peptides.iteration.1"	12.1611524808526	10.9479611082629	11.9624052407409	11.0293321397388	11.6999190731339
"peptides.iteration.2"	NA	11.7977072781238	10.1031413570083	10.7364269978759	12.3631350391712
"proteins.iteration.1"	9.93829294294205	8.46892555963569	9.60252501869094	9.05850048112195	9.7134255623551
"proteins.iteration.2"	NA	9.22047040667222	8.92287897814415	8.84906718639389	9.90876433609996
