"entry","species","logratio","sample1means","sample2means"
"DIVPGDIVEIAVGDKVPADIR","HUMAN",4.12792924798562,13.7859627708396,0.742701457183527
"WGDAGAEYVVESTGVFTTM(UniMod:35)EK","HUMAN",4.0899776648704,9.03728219419605,0.499849869596532
"AGILAQVPAGR","ECOLI",-4.44327296200673,7.58831868059761,155.493306981125
"ALVSPEAIGSLIVTK","ECOLI",-4.97411734765495,1.27006392707079,37.600342685031
"IYQLKPNPAVLIC(UniMod:4)R","ECOLI",-5.04655367505425,4.90946063337493,152.828908421913
"SMLNPGSALLTLSYLGAER","ECOLI",-4.70284954881996,4.68415265152194,114.90462702889
