"entry","species","logratio","sample1means","sample2means"
"Q14919","HUMAN",4.8249999806099,6843.54253333333,219.07469
"O43526","HUMAN",4.36753242038622,35080.663,1542.0217
"C8Z8Y4","YEAST",5.72017175406035,49935.3269666667,859.4994
