"entry","species","logratio","sample1means","sample2means"
"O15230","HUMAN",4.01111237010113,14493.4018,888.99646
"O43526","HUMAN",4.46662905695787,40097.29,1793.5791
"P42858","HUMAN",6.24533097580076,71579.87,933.155
"C8ZCS7","YEAST",4.12400725812685,3604.4785,204.45013
