"entry","species","logratio","sample1means","sample2means"
"1/sp|Q9UKN8|TF3C4_HUMAN","HUMAN",-5.77175931173343,23.4608240047598,1254.17375945351
"1/sp|P0A722|LPXA_ECOLI","ECOLI",4.76722051418398,1972.60317305142,70.876966953561
