"entry","species","logratio","sample1means","sample2means"
"GLGDC[CAM]LVK","HUMAN",5.76694858122269,225.079235533096,3.8611659867817
"NALDPMSVLLAR","HUMAN",6.71525640480624,247.610720520199,2.20132103857715
"DIVNIIK","YEAST",-4.25812776454022,12.3246011657624,220.294981320473
"VINDAFGIEEGLMTTVHSMTATQK","YEAST",4.99586714553568,59.5763330625731,1.74411633814164
"AAPDVQLLMNDSQNDQSK","ECOLI",-4.00797864070442,0.78072212453733,11.7334526861577
"ALADSC[CAM]TDC[CAM]R","ECOLI",-4.13572328772702,0.534073833225514,8.76971763964075
"EAFATIAVAADKVDVLK","ECOLI",-4.06110007186701,1.26925924125671,19.7911403172262
"KPVNSWTC[CAM]EDFLAVDESFQPTAVGFAEALNNK","ECOLI",-4.33136616418099,0.509292757284202,9.5773682079646
"LLSNFFAQTEALAFGK","ECOLI",-4.07953544558309,3.99261135508298,63.0561022631772
"LTAAC[CAM]FDRWDLPLSDMYTPYVFPSENGLR","ECOLI",-4.33642528866394,0.309655182452883,5.84359334044915
"MIQEQTMLNVADNSGAR","ECOLI",-5.30328252034835,4.69850100786784,173.306154281693
"SVANAIIAAC[CAM]DEVLNNGK","ECOLI",-4.05306366784054,2.50503528644549,38.8432118032012
