"entry","species","logratio","sample1means","sample2means"
"1/sp|Q9UKN8|TF3C4_HUMAN","HUMAN",-5.77176816614162,23.4560717206173,1253.46751443882
"1/sp|P0A722|LPXA_ECOLI","ECOLI",4.76721244018716,1972.20542417996,70.8370823063351
