"entry","species","logratio","sample1means","sample2means"
"1/tr|C8Z504|C8Z504_YEAS8","YEAST",5.51866496159351,454138.743045049,9598.21302238943
"2/tr|C8Z5D5|C8Z5D5_YEAS8/tr|C8Z3Z6|C8Z3Z6_YEAS8","YEAST",5.35843526820735,23369672.0921811,551935.582652501
