"entry","species","logratio","sample1means","sample2means"
"EAIDALNGMLLNGQEIYVAPHLSR","YEAST",5.47785029988365,78697.7020515544,1762.89119839034
"TADQGTNIQTPAQMAK","ECOLI",-4.08835787299539,2928.54003378923,49731.3476646953
"YQISVKPQGYQQAVTVK","ECOLI",-4.14902676167761,1281.44526588557,22695.6319123443
