"entry","species","logratio","sample1means","sample2means"
"LLLPGELAK","HUMAN",-5.60353774742585,2983330.09483305,139250904.694153
"LGTSWLEDAGAIVK","YEAST",-4.82218814368977,45835.6364432175,1244773.44392648
"LILPGELAK","YEAST",-5.13895093900586,2983030.60593523,100902019.984019
