"entry","species","logratio","sample1means","sample2means"
"1/tr|C8ZIG9|C8ZIG9_YEAS8","YEAST",-4.01669069528872,99825.7964570921,1555236.55623006
"2/tr|C8Z5D5|C8Z5D5_YEAS8/tr|C8Z3Z6|C8Z3Z6_YEAS8","YEAST",-4.98247752905867,1107253.68496074,33692373.9841892
"1/sp|P0AED0|USPA_ECOLI","ECOLI",-4.25112971273998,195829.515937411,3589260.65941321
