"entry","species","logratio","sample1means","sample2means"
"LLSNFFAQTEALAFGK","ECOLI",-4.23776242267919,13036.6411796203,246510.260012479
"MIQEQTMLNVADNSGAR","ECOLI",-4.67203626069462,26520.7953411025,677618.545145836
