"entry","species","logratio","sample1means","sample2means"
"EIIDLVLDR","HUMAN",-4.02602177028081,20.2089309180996,316.475277656928
"GLFIIDDK","HUMAN",4.33592751988576,255.871196631332,12.1792428960465
"HAVSEGTK","HUMAN",-6.4452417914994,4.92914859924265,412.882193945778
"AIDKPFLLPIEDVFSISGR","ECOLI",-6.65704048385951,20.499007875891,1988.58813794573
"ALVSPEAIGSLIVTK","ECOLI",-4.34937460984576,1.50409939819959,29.4721549369965
"SMLNPGSALLTLSYLGAER","ECOLI",-4.21099740190277,4.56139995804708,81.2040739568318
"YRAEELAEER","ECOLI",-4.28335275184551,1.44640134957241,27.0738247180178
