"entry","species","logratio","sample1means","sample2means"
"AMGIMNSFVNDIFER","HUMAN",8.31265600889425,1288.22714444265,3.79494279953402
"FGDLILK","HUMAN",-5.16867223844257,4.33900150820578,146.179601346097
"LVQDVANNTNEEAGDGTTTATVLAR","HUMAN",-4.61152968685965,6.09051908420119,139.455183203598
"VNQIGSVTESIQAC(UniMod:4)K","HUMAN",-5.40297344271377,6.31339259332671,250.202392957621
"VNQIGSVTESLQAC(UniMod:4)K","HUMAN",-5.40297344271377,6.31339259332671,250.202392957621
"AVYSDLLK","YEAST",4.55879606682504,167.790576890355,6.66814135302304
"EINEHSTSYTFR","YEAST",5.0600910906385,40.7976041005139,1.1454260363943
"AGKPLLIIAEDVEGEALATLVVNTMR","ECOLI",-4.73935868962475,0.111794447623587,2.79692583676001
"AIDKPFLLPIEDVFSISGR","ECOLI",5.14841983097857,261.135949677471,6.89619375507949
"KHITAGAK","ECOLI",-4.63008114596058,1.45529487683607,33.7532734878878
"LHGGEPANFLDVGGGATK","ECOLI",-4.0391504975423,4.93068240121338,75.9248734368661
"QVPILQK","ECOLI",-4.42977631006229,7.79479409588973,157.351823975018
"YEGFGPNGSMIIAETLTSNVNR","ECOLI",-4.88337965354601,1.87111042766776,51.7266991540891
