"entry","species","logratio","sample1means","sample2means"
"FSWFAGEK","HUMAN",-4.57753120290859,32337.782330632,746920.150651157
"LSFGDTLQVQNIHGAFNALGGADR","HUMAN",4.40331092123445,705968.762696059,32273.5368372677
"QVDLIDLVR","HUMAN",-6.46001611204456,148861.882045965,12677449.0020759
"SITFLC[CAM]GDAGPLAVAAVLYHK","HUMAN",-4.70670449523469,6116.11316210784,154498.579439944
"PSTTNTAAANVIEK","YEAST",4.01466505038394,195691.723074546,11711.9065664556
"SIVTLDVKPWDDETNLEEMVANVK","YEAST",4.43879554798814,354048.037582639,15792.1525838977
"ALVNAYEGLFGK","ECOLI",-4.04564889675347,81538.768715674,1302613.46597709
"ELVLGVVSHNFRPEFINR","ECOLI",-4.08111120534206,41592.4799664224,680991.120413979
"ENLEALLVALK","ECOLI",-4.80936557552454,2524.8157962591,68482.9944092745
"FGLAPLGC[CAM]GWVIWR","ECOLI",-4.35967849825678,54672.069673961,1085798.55384194
"IGYLPQEPQLNPEHTVR","ECOLI",-4.62195290943428,26017.2588199279,619723.187785118
"LAVGLYDGMNLDWLAYR","ECOLI",-4.34313326653155,179767.058672662,3529500.48202175
"QVPILQK","ECOLI",-5.23002977838659,21615.6400749164,784790.407996708
"VSYPIYHIDNIVKPVSK","ECOLI",-4.28502638816984,19893.693571365,375168.739112471
