"entry","species","logratio","sample1means","sample2means"
"sp|O43526|KCNQ2_HUMAN;","HUMAN",4.01158974347913,51871.17054,3084.0434
"tr|C8Z8Y4|C8Z8Y4_YEAS8;","YEAST",-5.14817777675997,2840.4998,96594.85
"tr|C8ZA30|C8ZA30_YEAS8;","YEAST",4.39220909288329,818170.9912,37364.6285
"sp|P0A6X7|IHFA_ECOLI;","ECOLI",-4.2235872394271,3408.0977,61057.8855
"sp|P0A6Z3|HTPG_ECOLI;","ECOLI",-4.3863752686635,4421.3524,88672.4963333333
"sp|P0A8N3|SYK1_ECOLI;","ECOLI",-4.77748289002713,1671.2944,43956.3767666667
"sp|P0A915|OMPW_ECOLI;","ECOLI",-4.15768762828488,4065.9548,69591.2297
"sp|P0ADY7|RL16_ECOLI;","ECOLI",-4.54113156514071,5749.559,128367.3648
"sp|P16659|SYP_ECOLI;","ECOLI",-4.82185243719436,1261.5867,34217.0524666667
