"entry","species","logratio","sample1means","sample2means"
"AF[57.021(C)]CGFEDPR","HUMAN",4.07980031061772,19258.541,1114.7152
"ASGQAFELILSPR","HUMAN",-4.10825072210831,2528.0437,42675.0545
"DATNVGDEGGFAPNILENNEALELLK","HUMAN",4.91467901266375,65333.28,2120.0762
"FQSSAVMALQEASEAYLVGLFEDTNL[57.021(C)]CAIHAK","HUMAN",-4.79414376441483,864.62726,23479.71445
"GYISPYFINTSK","HUMAN",-7.13931666427298,1202.0712,165867.564233333
"HLTDAYFK","HUMAN",-4.45815211351225,3846.6692,82757.0806333333
"KDDPTLLSSGR","HUMAN",4.91245197756014,15813.354,513.9388
"QLSALHR","HUMAN",4.33275154439983,32056.475,1557.0781
"SPSADQSLEDSPSK","HUMAN",4.57771042699107,40097.29,1643.4999
"TSDIFGSPVTATSR","HUMAN",-5.03731285265191,1700.0247,54641.21
"VPDVQDGVR","HUMAN",4.3675400492683,15564.462,738
"DGKLDPVIGRDEEIAR","YEAST",4.15936286274057,8836.5515,484.0304
"LSTSVGWK","YEAST",4.9029112116061,53553.7976666667,1752.0631
"SLKPEVR","YEAST",5.25023463333943,113833.055,2927.3395
"SVVADISDSDGK","YEAST",4.1063570462534,35643.7234,2025.48593333333
"AADIVLQAAIAAGAPK","ECOLI",-4.09912281735461,3219.7513,54008.742
"AKDFEDAVEKAEK","ECOLI",-5.08822402873167,1196.1224,39825.9818333333
"ALSMDAVQK","ECOLI",-4.2370495545895,2620.6016,48368.5225
"DTLHLEGK","ECOLI",-4.4693131672673,2185.0542,47374.2500333333
"GQESEVTGVK","ECOLI",-4.59893338510085,3344.9453,79339.3663333333
"ITDVEVLK","ECOLI",-4.20005926139974,3299.2738,59353.3163333333
"LHDYYKDEVVKK","ECOLI",-4.95269246707616,614.01245,18610.9687333333
"LTVLDSLSK","ECOLI",-4.02094364032382,18966.3065,301363.202
"LVDIVEPTEK","ECOLI",-5.49118777390657,2381.6778,104852.321566667
"NVWLGDISR","ECOLI",-4.66754574420624,6606.634,164336.613666667
"SKIFDFVKPGVITGDDVQK","ECOLI",-4.14271486742658,2281.6448,39446.846
"SLATAAGAVAGGVAGQGVQSAMNK","ECOLI",-4.07879669275221,5018.6718,83006.434
