"entry","species","logratio","sample1means","sample2means"
"AFDSGIIPMEFVNK","HUMAN",-4.05232614821983,1821.0294,29676.152
"AYPHVFTK","HUMAN",6.38579642184352,10727.613,126.01021
"GVDLVLNSLAEEK","HUMAN",-4.22066702539566,1230.44118,22533.4215
"HLLQAPVDDAQEILHSR","HUMAN",4.02997990277883,12256.0713,736.9285
"IEEIKDFLLTAR","HUMAN",-4.64625183672644,4786.2602,117727.082566667
"ILDVMYSR","HUMAN",4.76407738005917,25942.4785,937.7783
"LSPDAIPGK","HUMAN",4.00248035875807,29137.238,1785.6677
"SPSADQSLEDSPSK","HUMAN",5.27748783277752,47958.167,1214.5051
"[42.011(N-term)]VNPTVFFDIAVDGEPLGR","HUMAN",4.71852370452974,21751.377,811.49994
"AQYNEIQGWDHLSLLPTFGAK","YEAST",5.10867823161822,280139.649333333,7974.95243333333
"SLRPSFDEAVSQGK","YEAST",5.20978748095805,129506.89,3437.237
"VEEMNNIIAASR","YEAST",4.62861543573072,46530.547,1847.58735
"VLDVVER","YEAST",-4.29062345880587,1452.8884,27929.1375
"GSVNPE[57.021(C)]CTLAQLGAAK","ECOLI",-4.05929580936938,7476.9632,122437.358
"LFAVDQR","ECOLI",-5.66500636896895,1232.5151,61425.4006666667
"MQAASGQLQQSHLLK","ECOLI",-5.12683936317203,5521.34423333333,189494.305
"VLYEMDGVPEELAR","ECOLI",-4.02275841168496,2240.316,35768.3687666667
