"entry","species","logratio","sample1means","sample2means"
"EAAQEAVK","HUMAN",-4.66291145168268,3027.3892,76355.97
"E[57.021(C)]CLPLIIFLR","HUMAN",5.96840716111411,33818.3,537.75037
"LLEGEESR","HUMAN",4.03873153016624,68197.2519666667,4131.29366666667
"SGSMDPSGAHPSVR","HUMAN",4.36269683409176,23555.3585666667,1139.94956666667
"VLVNDAQK","HUMAN",4.01111157904344,15232.9115,940.62506
"[42.011(N-term)]AAAAAAGEAR","HUMAN",4.81542571923079,28690.266,1014.48474
"AAIVQIDATPFR","YEAST",4.12340048120182,34336.5765,1961.4999
"EIDVAGGKK","YEAST",5.36976101184585,16731.92292,402.88885
"FGPNPLIK","YEAST",4.31768124284895,28004.703,1398.2278
"IATYQER","YEAST",5.26776591441752,42837.336,1107.0454
"LSSEEIEK","YEAST",4.51990101376028,46171.6997,2003.7734
"NTAAETFK","YEAST",4.04043632745726,26152.6764666667,1582.42136666667
"QLNASLADK","YEAST",4.73217455493504,28734.9284666667,1076.421
"DIQQTIK","ECOLI",-4.00040379469272,2726.7315,43449.2655333333
"FDGTVEVK","ECOLI",-4.60996610946881,2062.41986666667,50143.3896666667
"IVGDGIAIKPTGNK","ECOLI",-4.03693408741737,1171.8472,19151.7191666667
"NVWLGDISR","ECOLI",-4.72008621971018,2528.1912,66343.133
"SVEEILGK","ECOLI",-4.04932661954961,2339.84406666667,38570.4066666667
