"entry","species","logratio","sample1means","sample2means"
"SEELLIR","HUMAN",-4.09117902501772,69846,1144330
"DESLLADELR","YEAST",-6.6817874466863,103344,10198724.3333333
"SFDVPPPPIDASSPFSQKGDER","YEAST",4.27199783334528,1986929,98861
"AAGYHQTLLQIPQMYQLDTPFVNVIK","ECOLI",-4.54100455943186,128835,2883066
"DVELEKELLIEAQNLGLGAQFGGK","ECOLI",4.0809828595836,2043366,116062
"EMGTGLVVTELMGQGVSAITGDYSR","ECOLI",4.20825273623062,2367902.33333333,123139
"FLWFIESNIE","ECOLI",4.72457471159834,1016604.5,36962
"MDALELLINR","ECOLI",4.02577167366335,3333461.5,196725
