"entry","species","logratio","sample1means","sample2means"
"4/sp|P00330|ADH1_YEAST/tr|D3UEP0|D3UEP0_YEAS8/tr|C8ZFH1|C8ZFH1_YEAS8/tr|C8ZHN0|C8ZHN0_YEAS8","YEAST",5.24019242172409,3742.5446003131,98.1571854350055
"1/sp|P0A988|DPO3B_ECOLI","ECOLI",4.21178710003282,853.520450993943,45.6614704883375
"1/sp|P25553|ALDA_ECOLI","ECOLI",-4.21739146251339,40.2222352751626,741.716175033453
