"entry","species","logratio","sample1means","sample2means"
"9/sp|Q9BTM1|H2AJ_HUMAN/sp|Q16777|H2A2C_HUMAN/sp|Q8IUE6|H2A2B_HUMAN/sp|Q6FI13|H2A2A_HUMAN/sp|P0C0S8|H2A1_HUMAN/sp|Q99878|H2A1J_HUMAN/sp|Q96KK5|H2A1H_HUMAN/sp|Q93077|H2A1C_HUMAN/sp|Q96QV6|H2A1A_HUMAN","HUMAN",-6.77754003067722,4354.7030760416,477124.332497078
"1/tr|C8Z4D7|C8Z4D7_YEAS8","YEAST",4.10842903610535,33580.4027834548,1944.26607028641
"1/tr|C8Z6V2|C8Z6V2_YEAS8","YEAST",4.4012875585059,146579.660337552,6927.62399067915
"1/sp|P0A9Z1|GLNB_ECOLI","ECOLI",-4.23918906985803,3421.33097575939,64528.0183102877
"1/sp|P63228|GMHBB_ECOLI","ECOLI",-4.10574167109736,6080.321174993,104546.160750088
"1/sp|P64423|ZNTB_ECOLI","ECOLI",4.66372692100193,60181.0491803515,2371.20024533489
