"entry","species","logratio","sample1means","sample2means"
"6PGL_ECOLI","ECOLI",-4.00119929758694,279537.333333333,4409019.33333333
"YCAC_ECOLI","ECOLI",-4.23803889834418,459793,8545950.33333333
