"entry","species","logratio","sample1means","sample2means"
"C8Z704_YEAS8","YEAST",4.58228753623893,1020046.33333333,41087
"C8Z799_YEAS8","YEAST",4.28201805637969,10883966.3333333,539836
"CPXA_ECOLI","ECOLI",8.33887632772485,79128476,235815
