"entry","species","logratio","sample1means","sample2means"
"FEN1_YEAS8","YEAST",24.9242754867726,3183.8642441877,1e-04
"NELFD_HUMAN","HUMAN",-25.0765783516951,1e-04,3538.36208284225
"C8Z9C5_YEAS8","YEAST",-24.3667096885894,1e-04,2163.26892571979
"C8ZB79_YEAS8","YEAST",24.5536385823076,2462.531054271,1e-04
"C8ZEJ8_YEAS8","YEAST",-24.5776454206173,1e-04,2503.85107629127
"C8ZIH2_YEAS8","YEAST",-22.4270749293444,1e-04,563.926195281642
"C8ZJ98_YEAS8","YEAST",23.9842323995182,1659.48516825907,1e-04
