"entry","species","logratio","sample1means","sample2means"
"ENOA_HUMAN/sp",NA,-5.35847500888265,36776,1490797.33333333
"ENOB_HUMAN/sp",NA,-5.35847500888265,36776,1490797.33333333
