"entry","species","logratio","sample1means","sample2means"
"FEN1_YEAS8","YEAST",16.8259068192519,11.61723185,1e-04
"NELFD_HUMAN","HUMAN",-16.8449792249125,1e-04,11.77183112
"C8Z9C5_YEAS8","YEAST",-16.7232866345762,1e-04,10.819592473
"C8ZB79_YEAS8","YEAST",16.7796111109144,11.2503558633333,1e-04
"C8ZEJ8_YEAS8","YEAST",-16.7846310636152,1e-04,11.289570405
"C8ZIH2_YEAS8","YEAST",-16.4763787630742,1e-04,9.1176775175
"C8ZJ98_YEAS8","YEAST",16.6934898651473,10.5984213603333,1e-04
