"entry","species","logratio","sample1means","sample2means"
"ENOA_HUMAN/sp",NA,-5.3500910768574,4838.10182186706,197682.383778686
"ENOB_HUMAN/sp",NA,-5.3500910768574,4838.10182186706,197682.383778686
