"entry","species","logratio","sample1means","sample2means"
"FVPSKPM[Oxi]C[CAM]VEAFSEYPPLGR","YEAST",5.10993875138397,45614853.8787189,1336882.14487733
"LGGSSLLEC[CAM]VVFGR","YEAST",4.559266456507,349925.954667582,15022.1422323031
"NAQYDWMLQALR","YEAST",4.52337135383842,308616.997208139,13582.5420256907
"VFGLNNIQAEELVEFSSGVK","YEAST",4.82950363641384,518994.929846776,18474.3569951727
"YNAFIASEVLIK","YEAST",4.1215885557085,1338609.48434717,77833.0031558884
