"entry","species","logratio","sample1means","sample2means"
"C[CAM]PEALFQPSFLGMESC[CAM]GIHETTFNSIM[Oxi]K","HUMAN",4.12405103774785,8016685.14748956,464577.34102244
"C[CAM]PEALFQPSFLGM[Oxi]ESC[CAM]GIHETTFNSIMK","HUMAN",4.72484332744393,10894370.4867082,416302.325388375
"GMGGAFVLVLYDEIKK","HUMAN",-4.11086204383437,7662.62027529889,133781.589150381
"VETGVLKPGM[Oxi]VVTFAPVNVTTEVK","HUMAN",5.46831993185972,13822556.4824016,315490.517684569
"EAFPGDVFYLHSR","ECOLI",-4.70869458273773,56723.1712632764,1498804.80227974
