"entry","species","logratio","sample1means","sample2means"
"IQLQIQETLQR","HUMAN",4.23760625455768,209519.016230773,11182.4184175818
"VDIGQIIFSVR","YEAST",5.30362192674276,1050090.4303051,26769.2559199011
