"entry","species","logratio","sample1means","sample2means"
"ELAAQSLSLAPQILVEK","YEAST",4.48457098541843,88.8106581117529,3.73126195045179
"IEEVIDLILR","YEAST",4.90173445512314,9.32332374117034,0.293347707432052
"IQRPEYFITANDVK","YEAST",5.09288590972518,78.5040841310748,2.16352472808488
"MVVTLIHPIAM[Oxi]DDGLR","ECOLI",-4.08957162100162,6.29748385741849,100.839765176869
