"entry","species","logratio","sample1means","sample2means"
"C[CAM]PEALFQPSFLGM[Oxi]ESC[CAM]GIHETTFNSIMK","HUMAN",4.82809237670961,802.853610608916,26.4245249830756
"VETGVLKPGM[Oxi]VVTFAPVNVTTEVK","HUMAN",6.10216837241623,940.756658961595,12.8030379791604
"LGFTFSYPVDQTSLNSGTLIR","YEAST",4.49389700356668,24.6093158095598,1.02111156616327
"VFGLNNIQAEELVEFSSGVK","YEAST",4.09032871280814,48.5213499087443,2.66313199069541
"VFLVGSGAIGC[CAM]EMLK","YEAST",4.10106960925852,42.0672263088001,2.29176647768436
"YNAFIASEVLIK","YEAST",4.33737753220836,124.773654118589,5.77050213049249
"AANAGGVATSGLEMAQNAAR","ECOLI",-4.41630715834983,0.880481229896662,17.5765032277153
"EAFPGDVFYLHSR","ECOLI",-4.57837160436538,3.93919987067831,87.984597700287
"VFM[Oxi]QPASEGTGIIAGGAMR","ECOLI",-4.29347693993075,1.10052685116509,20.1761100999658
