"entry","species","logratio","sample1means","sample2means"
"HVAEDLGK","HUMAN",4.64081478590903,66.9496780676261,2.5084228933705
"DAGSMLGR","YEAST",4.64357118848115,84.8819703350024,3.17422680689324
"TFFVGGNFK","YEAST",5.00766253582965,236.120136756734,6.86045803702566
"ESDENDAQIAER","ECOLI",-4.5649132550436,0.318655439298938,7.04975251388265
"GMVPPLAMGLATMVAR","ECOLI",-5.16931674913047,0.290652385542365,9.77619843037576
"KYDIPVVM(UniMod:35)DSAR","ECOLI",-4.02846160461843,1.60250405532253,24.4435136606487
"LLVSELSGVEPK","ECOLI",-4.39524506327118,1.48499824688027,29.2080969102629
"LSLFDPLTGQIVSTIPR","ECOLI",-4.59822009241713,0.295251936402388,6.68454185117499
"MEPFFPSGLK","ECOLI",-4.14210108355597,1.20220341358806,19.8404421190767
