"entry","species","logratio","sample1means","sample2means"
"DLVVLLFETALLSSGFSLEDPQTHSNR","HUMAN",-4.23019175574294,32816.5,613351
"ELLELASR","HUMAN",-4.25858702800806,279538,5328506.5
"DC[+57]VAIAC[+57]DLR","YEAST",-4.00786022011042,222096.333333333,3558195
"KLENAIK","YEAST",-4.3953320961804,160036.333333333,3353880.66666667
"TIWNDVTR","YEAST",4.43049759498221,2828157,130615
"GTGDLFC[+57]AQLISGLLK","ECOLI",-4.04464906781521,25453,418313.5
