"entry","species","logratio","sample1means","sample2means"
"DPM1_HUMAN","HUMAN",-4.47482827817922,326704,7156155
"SF3A1_HUMAN","HUMAN",4.09670618437903,20080481.5,1156140
"C8Z878_YEAS8","YEAST",4.32390099001791,5579464,274433
"C8ZGD1_YEAS8","YEAST",5.92080525280763,19488175,316883
"ACSA_ECOLI","ECOLI",-4.32815529984792,68843,1362172.5
