"entry","species","logratio","sample1means","sample2means"
"tr|C8ZGB0|C8ZGB0_YEAS8;","YEAST",-5.62481697905896,120734.253132022,5721369.48751375
"tr|C8ZI90|C8ZI90_YEAS8;","YEAST",5.98352729961322,3096992.09343072,47005.6177277344
"sp|P00393|DHNA_ECOLI;","ECOLI",-4.69669050641575,6680.75441913822,166379.990520341
"sp|P0A6J5|DADA_ECOLI;","ECOLI",-4.35204091793693,38186.1700678611,748913.787280553
"sp|P0A9B6|E4PD_ECOLI;","ECOLI",-4.62418398959914,10021.1316287073,237337.147201571
