"entry","species","logratio","sample1means","sample2means"
"HVAEDLGK","HUMAN",4.39161996933651,1066027.76383005,49078.6047488305
"SQPFVDHVFTFTILDNR","HUMAN",4.03874272732117,276999.892969861,16286.5811636001
"GELDNTPALC(UniMod:4)K","YEAST",4.00182671268835,185420.9095862,11184.636176879
"TIADIIPK","YEAST",4.25608115081754,272310.205510059,13771.741425103
"HLVSPADALPGR","ECOLI",-5.0907992811564,8808.1332712878,290068.250100289
"LAVGLYDGMNLDWLAYR","ECOLI",-4.29797305982351,112658.488449531,2141488.58552978
"EFLENYLLTDEGLEAVNK","ECOLI",-4.2862890874529,10534.2465893367,198626.915306583
"KKYEQEIDVR","ECOLI",-4.14505865203649,2894.74984677578,49491.5505186987
"EIEAAYNELKK","ECOLI",-4.02759765509928,26831.1513971835,422863.350774491
