"entry","species","logratio","sample1means","sample2means"
"ALMLQGVDLLADAVAVTMGPK","HUMAN",5.62602315007907,942812.045622605,18392.9994049833
"LLPEQLIK","HUMAN",-5.83563596988318,511684.767011452,28153546.9447123
"VFKGDDK","YEAST",-5.50353166761956,59757.7868629692,2611871.32677403
"IFEGIPPPYDKK","YEAST",5.21260018830089,1201375.75404617,31214.6887973944
"KVPAFVGPK","YEAST",-4.75622697385607,127710.542247569,3325239.21008606
"IIVDTYGGMAR","ECOLI",-4.01038753351076,66479.4702218207,1032199.51439796
