"entry","species","logratio","sample1means","sample2means"
"ALMLQGVDLLADAVAVTMGPK","HUMAN",6.19816732090112,1043106.71285876,13745.7586408346
"FSMPGFKGEGPEVDVNLPK","HUMAN",-4.19693773349991,6676.51133983394,118475.348285289
"DAVSNTTNQLESK","HUMAN",-6.53641342283146,147734.177392208,13268191.7120559
"SAALAFAEITEK","YEAST",4.42273084127919,191524.237062295,8640.19114566745
"STNQEAGAFTFNEDF","YEAST",4.49145969319983,214564.746784075,9229.2950874175
"DYIM[+16]SPVGNPEGPEKPNKK","YEAST",5.99827649883072,6741901.87736818,102045.893909815
"NTYEYEC[+57]SFLLGENIGMK","YEAST",4.60706863115756,272035.109101469,10800.2389320843
"DESLLADELR","YEAST",-5.44697183313674,118409.892291761,4997630.56183982
"DFIDLMR","YEAST",6.70231362365755,6382646.65689095,59303.130136172
"HNDLENVGYTAR","ECOLI",-4.02283203107691,11782.0788350011,185305.917677156
"VMSDAFIK","ECOLI",-4.01248529254493,7658.35124275069,119588.100175261
"TLESAGVK","ECOLI",-4.22915782447106,140010.370155929,2540608.9327874
"KAELESAALNAR","ECOLI",4.30568404842785,2523230.36650577,123450.0037934
"ISNGEGVER","ECOLI",-4.12322964562368,36328.07640792,612537.187433
"FVESVDVAVNLGIDAR","ECOLI",-5.05234785001197,44575.5315924207,1431129.84249146
"VEAVMAGMDITPER","ECOLI",-4.00178540388771,10211.1349903343,158272.592350181
"VGFRFEDGK","ECOLI",-4.35899781272624,7658.35124275069,152054.272965041
"DFAELLLEDYK","ECOLI",-4.03889813323679,21796.845844752,346654.941723143
"FGLAPLGC[+57]GWVIWR","ECOLI",-4.0299950334861,75601.6725245902,1194964.61784322
