"entry","species","logratio","sample1means","sample2means"
"AYPHVFTK","HUMAN",4.31395046924784,221135.383390976,11274.0989647023
"VFGLNNIQAEELVEFSSGVK","YEAST",5.64698412143666,422084.048583209,8541.60392268322
"YNAFIASEVLIK","YEAST",4.4318209045301,1129061.13907486,53046.7189751139
"HEWPSLVDELVAEGR","YEAST",5.08969867197689,532780.801628486,15865.3147692462
"VINDAFGIEEGLM[Oxi]TTVHSMTATQK","YEAST",7.00516548715108,514583.144036388,4062.02615129771
"TVFIQELINNIAK","YEAST",8.24345981554109,1303963.02465866,4363.03502421837
"FSAETLSELIR","YEAST",5.91260338036671,179443.724610057,3020.71255247528
"VGLFSYGSGLAASLYSC[CAM]K","YEAST",6.06847174252404,216625.707905517,3273.18134840749
"QIVFEIPSQTN","YEAST",4.35502193312141,164869.101465072,8169.56876291281
"C[CAM]GGIDKR","YEAST",5.57155470551478,1045824.28725862,22300.0444946892
"DKSFAIDK","YEAST",-5.79664074075162,37503.9951274022,2113938.58470312
"HLVSPADALPGR","ECOLI",-4.01242510541743,8726.98494023208,142815.923909353
"GVVVQDAALLESGAAIR","ECOLI",-4.29799981177726,8347.92054210205,166516.497177257
"DVDVWHPDVR","ECOLI",-4.13145924754232,5835.87669250329,103717.337970473
"QDFLNSLTVEMLNQDLR","ECOLI",4.01158025073638,169735.380503405,10671.3284703838
"YMENSLKEQEK","ECOLI",-4.01021164087067,5317.24988897043,86882.6700169802
