"entry","species","logratio","sample1means","sample2means"
"LLPEQLIK","HUMAN",4.24176065173249,3130071.35847339,168790.853637888
"VFGLNNIQAEELVEFSSGVK","YEAST",4.84099812695152,388341.941311242,13823.5794752376
"LGGSSLLEC[CAM]VVFGR","YEAST",4.57076094704468,261834.782453304,11240.4332714165
"DIYGWTQTSLDDYPIK","YEAST",4.01332885063165,219733.488592686,13882.1184562929
"NAQYDWMLQALR","YEAST",4.5348658443761,230925.03784736,10163.241362985
"YNAFIASEVLIK","YEAST",4.13308304624617,1001624.82504885,58239.1422447331
"YYNAVNPFEFMEDVATAGK","YEAST",7.58160475326286,2121926.7465618,11301.3884485849
"HLDAEPR","YEAST",-4.16174132791355,19246.5801453339,351442.603861299
"TVFIQELINNIAK","YEAST",6.2389947969946,1332319.52839304,17995.9873200824
"KIDVNEQSK","YEAST",-5.08914922082,26467.8772655639,919173.598483521
"DIQIPVYDTFDGSDLR","YEAST",4.06109371506354,489827.837994353,29938.1046092269
"WQTLIEANVTVK","YEAST",-4.18114156218142,22835.7879024465,422626.658998109
"KQEQIFNQK","YEAST",5.43779276377555,283456.081409338,6671.73685284049
"C[CAM]GGIDKR","YEAST",4.26497492333022,427009.766705156,22659.1851130538
"FVPSKPM[Oxi]C[CAM]VEAFSEYPPLGR","YEAST",5.12143324192165,34131664.6640847,1000332.33002733
"VVVSLGPQGALGVDSENC[CAM]IQVVPPPVK","ECOLI",-4.0931469953373,13081.0513160229,227768.957075334
"GVSADQISIVSYGK","ECOLI",-4.40631963432553,8142.5566356678,176151.777544258
"QAGTPIDVVWPK","ECOLI",-4.58948460858874,3285.04613603168,80687.427000901
"ISIQLNDGR","ECOLI",5.50360034412659,1069462.32485569,24049.6391071505
