"entry","species","logratio","sample1means","sample2means"
"EIIDLVLDR","HUMAN",-4.06990378415278,102738.3663201,1735901.5176699
"GLFIIDDK","HUMAN",4.34768912758677,1314103.9807938,64934.3055795
"HAVSEGTK","HUMAN",-6.47091904688492,25107.8504166,2240678.63952135
"AIDKPFLLPIEDVFSISGR","ECOLI",-6.68394010601564,104338.7698437,10792982.726379
"ALVSPEAIGSLIVTK","ECOLI",-4.34697328708882,7661.50623,156860.2192185
"SMLNPGSALLTLSYLGAER","ECOLI",-4.20772089651547,23239.902231,432029.9040855
"YRAEELAEER","ECOLI",-4.26802807147713,7431.6610431,144052.1265813
