"entry","species","logratio","sample1means","sample2means"
"IIIPEIQK","HUMAN",-4.97709681674043,2067032,63677814.6666667
"LLEALDEMLTHDIAK","HUMAN",-4.08043741228811,131563,2176974.5
"SFLPSFILSDESK","YEAST",-4.01095454706091,282319,4451878
"AFTDFFAR","ECOLI",6.24535347836609,34079444.6666667,439379
"DQAANWIIATYQQLSGK","ECOLI",4.4380733268838,1716597,77457
"GMDVLEFGGIEPNPAYETLMNAVK","ECOLI",5.0667393725301,2383771,69568
"IIDGAELLIPMAGLINKEDELAR","ECOLI",-4.71155978382287,45513,1166384.66666667
