"entry","species","logratio","sample1means","sample2means"
"C[+57]LEDLTSR","HUMAN",5.4819099572704,9244569.5,198874.666666667
"C[+57]LFTLLGHLDYIR","HUMAN",4.2130403274619,1021895,52974.5
"LAEIIWQNR","HUMAN",-4.7670795914147,420188,10999924.3333333
"NLQSEVEGVK","HUMAN",-4.03239770799527,141083,2219522
"TTQLGPGR","HUMAN",-4.92992465572472,75054,2199587
"DESLLADELR","YEAST",-6.68155503216306,103344,10198724.3333333
"EQSLDGIFEETK","YEAST",-5.35510015820674,164822,6485942
"EVYDFLASATAK","YEAST",4.3596415204742,3712534,173860
"IPSIALGTYDIPR","YEAST",4.36276928467363,476555,22269
"LQAITFAEAAK","YEAST",-6.55652057335431,120524,10906741
"SFDVPPPPIDASSPFSQKGDER","YEAST",4.22187145515381,1789145,92182.3333333333
"AFTDFFAR","ECOLI",5.31778524218564,14896765.5,359080
"AGQLNPDTR","ECOLI",-4.48502927825345,72194,1554324
"EMGTGLVVTELMGQGVSAITGDYSR","ECOLI",4.20848515075387,2367902.33333333,123139
"FLWFIESNIE","ECOLI",4.72480712612159,1016604.5,36962
"GAFSWVTR","ECOLI",-4.48791193837488,87632,1890475
"NGQAVGTNTIGSSEAC[+57]MLGGMAMK","ECOLI",-4.00671393942399,120225,1858009.66666667
"VTVKDAIAADQLFTTLMGDAVEPR","ECOLI",4.51644296256062,2342174.5,98389
