"entry","species","logratio","sample1means","sample2means"
"C[+57]LEDLTSR","HUMAN",4.61795617875847,2117793,87976
"DGYDYDGYR","HUMAN",-5.11000977365756,10279,362110.5
"DLPEGEEKPR","YEAST",5.50474511144066,955255,21461
"GFLSDLPDFEK","YEAST",-4.21872781389386,51385,975942
"GTFIAWDLPTGEK","YEAST",5.02641794575061,2941369,92060
"IQQLLTDEGVLGK","YEAST",-4.06423156150884,59841,1021124
"KLEGLQK","YEAST",-5.05148554898896,109754.333333333,3712738.66666667
"KLENAIK","YEAST",-4.76535763824351,111621,3096603
"VFEDIPIEEAEK","YEAST",-5.4018280872206,70190,3026994
"YESATASALAN","YEAST",-6.20811251738284,47068.5,3549625
"AFTDFFAR","ECOLI",4.32339420427394,3887434.5,198068.666666667
"IIAGNIINFSR","ECOLI",-4.60859294325802,47856,1190927
