"entry","species","logratio","sample1means","sample2means"
"GNPI2_HUMAN","HUMAN",4.25535405227043,6677279,337931
"C8Z634_YEAS8","YEAST",-4.74967538641723,161756,4206035
"D3UER5_YEAS8","YEAST",-4.8166304699335,485515,13224237
"LPXA_ECOLI","ECOLI",4.90518285986914,29800045,961230.333333333
