"entry","species","logratio","sample1means","sample2means"
"tr|C8ZDN4|C8ZDN4_YEAS8","YEAST",4.4062425195017,150.718870328925,6.98918250341672
"sp|P00956|SYI_ECOLI","ECOLI",-4.27585603772628,6.63104495057754,126.302752058491
"sp|P04079|GUAA_ECOLI","ECOLI",-4.05408644606015,8.94736887166969,146.139253583348
"sp|P04982|RBSD_ECOLI","ECOLI",-4.21279496946735,10.0008032866018,182.340211215443
"sp|P0A9A6|FTSZ_ECOLI","ECOLI",-5.12192823958316,3.37912293238459,115.698557598486
"sp|P37095|PEPB_ECOLI","ECOLI",-5.759894563883,2.80837508361352,149.632545502705
"sp|P52697|6PGL_ECOLI","ECOLI",-4.44671775736866,15.6080261304796,334.667336970882
