"entry","species","logratio","sample1means","sample2means"
"tr|C8ZF90|C8ZF90_YEAS8","YEAST",4.91990563261875,82.9219313133795,2.68548500096072
"sp|P00363|FRDA_ECOLI","ECOLI",-5.18354273942626,10.7007605240191,381.249240405614
"sp|P0A8L1|SYS_ECOLI","ECOLI",-4.64399834259816,8.74664507858023,214.396059406542
"sp|P0A8M0|SYN_ECOLI","ECOLI",-6.23211534700367,1.97305326129447,145.406880897928
"sp|P62768|YAEH_ECOLI","ECOLI",-5.82939552621096,1.92304400423048,107.202429032407
"sp|P64463|YDFZ_ECOLI","ECOLI",-4.1665500122732,10.6711613005222,187.871416758528
