"entry","species","logratio","sample1means","sample2means"
"tr|C8ZCG7|C8ZCG7_YEAS8","YEAST",4.75376230357748,3498,122
"sp|P05459|PDXB_ECOLI","ECOLI",-4.16310306008552,112,1888
"sp|P0ACD8|MBHL_ECOLI","ECOLI",-6.48394396951006,51,4295.33333333333
"sp|P0ADG7|IMDH_ECOLI","ECOLI",-4.11170932732728,537.666666666667,8746.33333333333
"sp|P0AEQ3|GLNH_ECOLI","ECOLI",-4.54700763528971,91.5,2012.66666666667
"sp|P0AG30|RHO_ECOLI","ECOLI",-4.23630993653691,368,6526.33333333333
"sp|P37903|USPF_ECOLI","ECOLI",-4.55860641358313,368,8160
"sp|P63224|GMHA_ECOLI","ECOLI",-4.69810373929037,229,5593.33333333333
"sp|P67910|HLDD_ECOLI","ECOLI",-5.01441685501755,325.5,9899.33333333333
"sp|P77454|GLSA1_ECOLI","ECOLI",-4.04314588344756,82,1272
