"entry","species","logratio","sample1means","sample2means"
"QESTEYR","HUMAN",-4.05147961893368,15076.6115944209,249621.742865712
"RTIGSGEPGVPTK","HUMAN",7.17614972181849,1085275.29050139,7493.16624153854
"[-18.011(E)]ELVTQQLPHLLK","HUMAN",4.18030412396524,136050.620795164,7493.16624153854
"AFVVEVMGR","YEAST",4.07443098299074,348808.393195475,20673.9164977389
"EVVSEAINIMNR","YEAST",4.32587881135384,150495.278610178,7493.16624153854
"FPEPGYLEGVK","YEAST",4.35059407402136,156784.723367132,7673.72446422621
"GLSVVDTYAILSNK","YEAST",4.20568182979009,210199.864245569,11375.1680293236
"ITQGSGTR","YEAST",5.15425468807626,334845.223974294,9389.02757975913
"SGGFGGSFGGR","YEAST",4.53123304314117,173516.452002856,7493.16624153854
"SIFGNTFKDENFDVK","YEAST",4.26514673236637,180798.966984593,9389.02757975913
"SNVLSQSDGLFR","YEAST",4.46515039972272,291556.390084924,13180.7502562003
"TLNYALSK","YEAST",4.18365089109536,136366.597684867,7493.16624153854
"VISDAMFANPK","YEAST",4.62284042236742,184891.62003218,7493.16624153854
"YGAYSF[57.021(C)]CTPK","YEAST",4.02896488384391,357174.257513337,21847.5449452087
"YSEGYPGAR","YEAST",4.24875216185876,213991.58692201,11239.7493623078
"[-18.011(E)]ESEFLFNAIHTIPEIGEK","YEAST",4.88610962274008,221906.055683154,7493.16624153854
"AAVAGIAMGLVK","ECOLI",-4.03636844305343,37736.6685417242,618291.54055683
"ADQIQWSAGIEPGDPR","ECOLI",-5.31673224765144,20673.9164977389,822773.727750623
"AEAEQTLAALTEK","ECOLI",-4.08811366389023,53038.9779145048,900744.786914583
"AFFANPVLTGAVDK","ECOLI",-4.16600167776077,19996.8231626601,358438.16507215
"AVAAGMNPMDLK","ECOLI",-4.6537719584444,51097.9770206122,1284370.82405167
"DIALGEEFVNK","ECOLI",-5.96531265165805,18778.0551595183,1171521.93487187
"DQFNSMK","ECOLI",-4.83551831270139,7493.16624153854,213630.470476635
"EVLIIGTQGGIR","ECOLI",-4.8928910765309,15076.6115944209,447272.810634487
"FTGEVSLTGQPFVMEPSK","ECOLI",-4.10112460941869,7493.16624153854,128406.989368052
"GFLIGGTSGR","ECOLI",-6.4361033255974,11284.8889179797,975706.542367084
"IGFL[57.021(C)]CDIR","ECOLI",-4.0237070084938,17965.5431574237,291782.087863284
"LEFNNDNR","ECOLI",-4.74710253911055,7493.16624153854,200931.208814268
"SGVLTGLPDAYGR","ECOLI",-5.02362478603466,23607.9876164136,766800.678717445
"SQ[57.021(C)]CP[57.021(C)]CIIFDSSR","ECOLI",-5.06040534165465,7493.16624153854,249666.882421383
"TAQELDK","ECOLI",-4.05159696010564,7493.16624153854,124073.592023548
"TGTPAAQIGLK","ECOLI",-5.80730069710892,7493.16624153854,418985.355746751
