"entry","species","logratio","sample1means","sample2means"
"DIVPGDIVEIAVGDKVPADIR","HUMAN",4.18998971821227,46010.8334312214,2520.2647534382
"KVVNPLFEK","HUMAN",4.65469751831872,178647.43355304,7090.74488169716
"WGDAGAEYVVESTGVFTTM(UniMod:35)EK","HUMAN",4.15444960220804,30212.5071527245,1696.17818326634
"YGPPPSYPNLK","HUMAN",4.03592272151678,100225.862045262,6108.64171190497
"AAETLVEK","YEAST",5.37341616270887,140491.425270034,3388.35594628914
"HLANDEYPR","YEAST",4.01519302883142,14945.5700299129,924.097076260673
"ISDDILSVLDSHLIPSATTGESK","YEAST",4.80481197540124,432599.444507423,15473.6255020618
"MEYEITNYSER","YEAST",4.03828633225928,26198.7521750266,1594.16746705575
"NAILYRPK","YEAST",-5.01817611653857,1008.10590137528,32660.7643417788
"NIGTEQFKK","YEAST",4.01199965186713,21690.94529725,1344.14120183371
"SPWPSMAR","YEAST",4.51218712137512,144929.224793549,6349.66703157903
"AGILAQVPAGR","ECOLI",-4.40390463367953,25342.6622429063,536362.344784694
"AILAVSLANAK","ECOLI",-4.869936490073,1720.18070472766,50288.6161449937
"ALVSPEAIGSLIVTK","ECOLI",-4.9758343876201,4200.44125573033,132150.549062227
"GDAWIDVVNPATEAVISR","ECOLI",-4.02748055377281,6452.6778528505,105203.718301656
"GSFMFMADLC(UniMod:4)R","ECOLI",-4.32447880781726,1172.12313136094,23478.4664094108
"IAELTAQR","ECOLI",-4.09732501396577,7092.74509181894,121375.417136218
"IKEELFYPSNEEK","ECOLI",-4.53642658418654,2240.23533638951,51974.7932776512
"IYQLKPNPAVLIC(UniMod:4)R","ECOLI",-4.99823385444917,16579.7416994042,529778.98653722
"KVDVTGTSK","ECOLI",-5.63135355326131,3544.37233578769,175648.45184379
"LINGSIER","ECOLI",-4.36122814124059,5108.5366510168,104967.693507287
"LIPPSQTFPR","ECOLI",-5.08334818932979,5932.62322118865,201087.790909249
"QLNVFEGER","ECOLI",-5.09054689582161,6748.7089508734,229893.483609657
"SMLNPGSALLTLSYLGAER","ECOLI",-4.68962773207084,15653.6444130217,403861.758951155
"TDTATDKDYLDIER","ECOLI",-4.77660183150252,3528.37065481348,96688.1570765471
"TFGFGAGR","ECOLI",-5.0518481936898,674.07081103863,22354.3483209725
"VGLTNEELQK","ECOLI",-4.87519756643932,2092.21978737806,61388.4488474379
"VLTPEFVAR","ECOLI",-4.78420933563888,3386.35573616736,93287.1331328198
"YLPTAMLTK","ECOLI",-4.49729798180111,4444.46689058705,100355.20896647
