"entry","species","logratio","sample1means","sample2means"
"EIIDLVLDR","HUMAN",-4.06990378415278,107013.045687656,1808127.91825888
"GLFIIDDK","HUMAN",4.34768912758677,1368780.46996456,67636.0551424864
"HAVSEGTK","HUMAN",-6.47091904688492,26152.5235410015,2333907.51878776
"AIDKPFLLPIEDVFSISGR","ECOLI",-6.68394010601564,108680.037888565,11242050.9978278
"ALVSPEAIGSLIVTK","ECOLI",-4.34697328708882,7980.28181286009,163386.769782819
"SMLNPGSALLTLSYLGAER","ECOLI",-4.20772089651547,24206.8548323423,450005.558004383
"YRAEELAEER","ECOLI",-4.26802807147713,7740.87335847429,150045.765329955
