"entry","species","logratio","sample1means","sample2means"
"9/sp|Q9BTM1|H2AJ_HUMAN/sp|Q16777|H2A2C_HUMAN/sp|Q8IUE6|H2A2B_HUMAN/sp|Q6FI13|H2A2A_HUMAN/sp|P0C0S8|H2A1_HUMAN/sp|Q99878|H2A1J_HUMAN/sp|Q96KK5|H2A1H_HUMAN/sp|Q93077|H2A1C_HUMAN/sp|Q96QV6|H2A1A_HUMAN","HUMAN",-6.47544817096038,6134.92232564085,548370.17427103
"1/sp|P00803|LEP_ECOLI","ECOLI",-5.13554845037465,364.334695256102,12865.1626341925
"1/sp|P0A8S1|ICIA_ECOLI","ECOLI",-4.36736670127852,1442.00750233492,29897.6133651334
"1/sp|P64423|ZNTB_ECOLI","ECOLI",4.31810327242856,49890.0027017409,2512.43908165169
