"entry","species","logratio","sample1means","sample2means"
"VTQDELK","HUMAN",-4.27104439222931,22872.1842748108,423421.311387434
"GQPFPFDQLK","YEAST",4.02622669811993,443720.374931329,26112.410380409
"KPTETTHLSAR","YEAST",-5.76017290712314,71856.7789300305,3734265.2859341
"LIGNFTLAGIPPAPK","YEAST",4.15109542663565,974736.253178186,52606.0238320648
"YLTDKDAFETHYR","YEAST",-6.85293813084894,22490.9812035639,2492877.48441875
"AFTDFFAR","ECOLI",4.382519636554,2497356.6205059,114805.658290509
"ESLGLDSESIR","ECOLI",4.08761507651664,800971.186534832,45172.5639427513
"FVESVDVAVNLGIDAR","ECOLI",6.34877437430987,2413968.44867065,28399.62880789
