"entry","species","logratio","sample1means","sample2means"
"NVFDEAILAALEPPEPK","HUMAN",-4.55471350926067,3509.05606907352,82677.6286618264
"AILTDEGVLIK","YEAST",-4.54097910619163,24222.620819292,565307.005851317
"ALVDAGYDGIVSAGVGNGNLYK","ECOLI",4.98061501379409,1930905.7386749,61311.0669005847
"FTVLDALQLGYK","ECOLI",-4.33622597956629,4169.54648842018,84433.5840122344
"GHLTASTVIQYR","ECOLI",4.26541618240861,666441.61287117,34740.5114733505
