"entry","species","logratio","sample1means","sample2means"
"HAVSEGTK","HUMAN",-4.8182925103964,54014.9022267226,1530180.65904718
"IQLQIQETLQR","HUMAN",4.82651439503122,216849.164296731,7673.80370655142
"EIDVAGGKK","YEAST",4.17739001904748,119096.379497463,6609.32945125908
"SFEEAKR","YEAST",4.66515892102844,205825.872203144,8145.64980647727
"TLPNLVNGIFK","YEAST",4.5544998364803,522316.915004462,22318.8372336094
"RVPETMPPQLFEK","ECOLI",-4.63200621043737,36954.3743835281,920062.233558742
