"entry","species","logratio","sample1means","sample2means"
"HAVSEGTK","HUMAN",-4.20269824130428,79670.0567346005,1482685.82208104
"IQLQIQETLQR","HUMAN",4.24311032505682,228150.151104082,12176.7966343937
"DEGLHTDFAC[CAM]LLFAHLK","YEAST",5.33736939166674,895711.746944708,22391.1170357623
"VDIGQIIFSVR","YEAST",5.3091259972419,1143467.99950214,29149.6680966768
