"entry","species","logratio","sample1means","sample2means"
"tr|C8ZGB0|C8ZGB0_YEAS8;","YEAST",-5.62227009528304,143422.444279656,6796520.2520363
"tr|C8ZI90|C8ZI90_YEAS8;","YEAST",5.98607418338914,3678973.98155019,55838.8395546278
"sp|P00393|DHNA_ECOLI;","ECOLI",-4.69414362263984,7936.1912926,197645.856918167
"sp|P0A6J5|DADA_ECOLI;","ECOLI",-4.34949403416101,45362.0551478667,889648.489472646
"sp|P0A9B6|E4PD_ECOLI;","ECOLI",-4.62163710582322,11904.2869389,281937.170993122
