"entry","species","logratio","sample1means","sample2means"
"QESTEYR","HUMAN",-4.05147961893367,10863.4749661,179865.3190495
"RTIGSGEPGVPTK","HUMAN",7.17614972181848,781996.728897067,5399.2121089
"[-18.011(E)]ELVTQQLPHLLK","HUMAN",4.18030412396524,98031.4776881,5399.2121089
"AFVVEVMGR","YEAST",4.07443098299074,251334.407848433,14896.6213607
"EVVSEAINIMNR","YEAST",4.32587881135384,108439.5974161,5399.2121089
"FPEPGYLEGVK","YEAST",4.35059407402136,112971.466214333,5529.3136055
"GLSVVDTYAILSNK","YEAST",4.2056818297901,151459.825625167,8196.3942858
"ITQGSGTR","YEAST",5.15425468807626,241273.2254447,6765.2778232
"SGGFGGSFGGR","YEAST",4.53123304314117,125027.5382326,5399.2121089
"SIFGNTFKDENFDVK","YEAST",4.26514673236637,130274.965262133,6765.2778232
"SNVLSQSDGLFR","YEAST",4.46515039972272,210081.39163485,9497.4092518
"TLNYALSK","YEAST",4.18365089109536,98259.15530715,5399.2121089
"VISDAMFANPK","YEAST",4.62284042236742,133223.9325184,5399.2121089
"YGAYSF[57.021(C)]CTPK","YEAST",4.02896488384391,257362.443857567,15742.2810886
"YSEGYPGAR","YEAST",4.24875216185876,154191.957053767,8098.81816335
"[-18.011(E)]ESEFLFNAIHTIPEIGEK","YEAST",4.88610962274008,159894.7393214,5399.2121089
"AAVAGIAMGLVK","ECOLI",-4.03636844305343,27191.2127894,445510.891523933
"ADQIQWSAGIEPGDPR","ECOLI",-5.31673224765144,14896.6213607,592850.836423433
"AEAEQTLAALTEK","ECOLI",-4.08811366389023,38217.31462625,649032.999371867
"AFFANPVLTGAVDK","ECOLI",-4.16600167776077,14408.74074845,258273.154333767
"AVAAGMNPMDLK","ECOLI",-4.6537719584444,36818.7235378,925455.312481333
"DIALGEEFVNK","ECOLI",-5.96531265165805,13530.5556464,844141.877106333
"DQFNSMK","ECOLI",-4.83551831270139,5399.2121089,153931.754060567
"EVLIIGTQGGIR","ECOLI",-4.8928910765309,10863.4749661,322283.090660967
"FTGEVSLTGQPFVMEPSK","ECOLI",-4.10112460941869,5399.2121089,92523.8476653667
"GFLIGGTSGR","ECOLI",-6.43610332559739,8131.3435375,703046.804043633
"IGFL[57.021(C)]CDIR","ECOLI",-4.0237070084938,12945.0989117,210244.0185056
"LEFNNDNR","ECOLI",-4.74710253911055,5399.2121089,144781.282133033
"SGVLTGLPDAYGR","ECOLI",-5.02362478603466,17010.77068045,552519.372477433
"SQ[57.021(C)]CP[57.021(C)]CIIFDSSR","ECOLI",-5.06040534165466,5399.2121089,179897.84442365
"TAQELDK","ECOLI",-4.05159696010564,5399.2121089,89401.4117469667
"TGTPAAQIGLK","ECOLI",-5.80730069710892,5399.2121089,301900.5228603
