"entry","species","logratio","sample1means","sample2means"
"DIVPGDIVEIAVGDKVPADIR","HUMAN",4.18998971821227,41961.33995445,2298.451869
"KVVNPLFEK","HUMAN",4.65469751831872,162924.36220515,6466.67609175
"WGDAGAEYVVESTGVFTTM(UniMod:35)EK","HUMAN",4.15444960220804,27553.4518497,1546.8945912
"YGPPPSYPNLK","HUMAN",4.03592272151678,91404.80960415,5571.0095301
"AAETLVEK","YEAST",5.37341616270888,128126.53057575,3090.1408461
"HLANDEYPR","YEAST",4.01519302883141,13630.1844168,842.7656853
"ISDDILSVLDSHLIPSATTGESK","YEAST",4.80481197540124,394525.61497755,14111.7648084
"MEYEITNYSER","YEAST",4.03828633225928,23892.9544287,1453.86201555
"NAILYRPK","YEAST",-5.01817611653857,919.3807476,29786.2336653
"NIGTEQFKK","YEAST",4.01199965186713,19781.88747465,1225.8409968
"SPWPSMAR","YEAST",4.51218712137512,132173.75164455,5790.821792175
"AGILAQVPAGR","ECOLI",-4.40390463367953,23112.2104605,489156.16192695
"AILAVSLANAK","ECOLI",-4.869936490073,1568.784609,45862.62757125
"ALVSPEAIGSLIVTK","ECOLI",-4.9758343876201,3830.753115,120519.74939025
"GDAWIDVVNPATEAVISR","ECOLI",-4.02748055377282,5884.7664519,95944.55607345
"GSFMFMADLC(UniMod:4)R","ECOLI",-4.32447880781726,1068.9625359,21412.0857447
"IAELTAQR","ECOLI",-4.09732501396577,6468.5002599,110692.9555662
"IKEELFYPSNEEK","ECOLI",-4.53642658418654,2043.068328,47400.4013217
"IYQLKPNPAVLIC(UniMod:4)R","ECOLI",-4.99823385444918,15120.52979535,483152.21648925
"KVDVTGTSK","ECOLI",-5.63135355326131,3232.4259618,160189.32609225
"LINGSIER","ECOLI",-4.36122814124059,4658.9254551,95729.30423175
"LIPPSQTFPR","ECOLI",-5.08334818932979,5410.4827329,183389.70468
"QLNVFEGER","ECOLI",-5.09054689582162,6154.7433381,209660.1582642
"SMLNPGSALLTLSYLGAER","ECOLI",-4.68962773207084,14275.9399419,368317.18311045
"TDTATDKDYLDIER","ECOLI",-4.77660183150252,3217.8326166,88178.46420285
"TFGFGAGR","ECOLI",-5.0518481936898,614.74466655,20386.9032444
"VGLTNEELQK","ECOLI",-4.87519756643932,1908.0798849,55985.54469165
"VLTPEFVAR","ECOLI",-4.78420933563889,3088.31667795,85076.7702918
"YLPTAMLTK","ECOLI",-4.49729798180111,4053.3016293,91522.77247785
