"entry","species","logratio","sample1means","sample2means"
"SLDVNQDSELK","HUMAN",4.45600502280863,22344.23566935,1021.534164
"WGTLTDC(UniMod:4)VVMRDPQTK","HUMAN",4.48951488189815,61012.040028975,2725.3072161
"DIPVPEPKPNEILINVK","YEAST",4.42803838501607,76233.81115665,3553.4795562
"HVDELLAEC(UniMod:4)ANVDK","YEAST",4.41569804351237,197807.9297376,9299.6092287
"IFLGGGLPLK","YEAST",5.3234202611535,57652.83438075,1444.7411748
"LPNC(UniMod:4)PRPN","YEAST",4.68271237320278,132599.39087955,5180.637546
"SVLSFPPLVAPTK","YEAST",4.64802709975793,136149.8301555,5448.79026405
"TVAVLPPNWK","YEAST",4.90251339668215,566792.75839095,19015.1287956
"DAGLNIAPFITLTR","ECOLI",-4.05352483832235,2763.61474725,46045.6524423
"FDPEFEK","ECOLI",-6.96225764935018,1154.69843895,144475.94164815
"IIAADNGDAWVEVK","ECOLI",-5.28225442085174,4677.1671366,182632.67489775
"IVDEIGLPR","ECOLI",-4.70149755238319,41253.56271225,1077039.9524682
"IYQLKPNPAVLIC(UniMod:4)R","ECOLI",-5.23737233904927,18132.231411,686334.7536528
"MFLAQEIIR","ECOLI",-4.14893606114609,5809.97555775,103420.6052082
"PGYTLYDLSER","ECOLI",4.65996036059995,800313.6441132,31765.152080025
"TPEYDELFSGDPIWATESIGGMGLDGR","ECOLI",-4.0651986256494,9133.60992705,153414.9736392
