"entry","species","logratio","sample1means","sample2means"
"1/tr|C8Z9Z6|C8Z9Z6_YEAS8","YEAST",-4.77080381485419,80410.244136075,2120649.28733542
"1/sp|P65292|YGDI_ECOLI","ECOLI",-4.0350250442858,28288.59161415,447999.28012665
