"entry","species","logratio","sample1means","sample2means"
"1/sp|P06612|TOP1_ECOLI","ECOLI",-4.03275068013607,25403.97371295,404713.39140995
"1/sp|P0AGE6|YIEF_ECOLI","ECOLI",-4.00925032180377,19689.158927025,308602.02529345
