"entry","species","logratio","sample1means","sample2means"
"15/sp|P57053|H2BFS_HUMAN/sp|Q8N257|H2B3B_HUMAN/sp|Q5QNW6|H2B2F_HUMAN/sp|Q16778|H2B2E_HUMAN/sp|P23527|H2B1O_HUMAN/sp|Q99877|H2B1N_HUMAN/sp|O60814|H2B1K_HUMAN/sp|Q99879|H2B1M_HUMAN/sp|Q99880|H2B1L_HUMAN/sp|P06899|H2B1J_HUMAN/sp|Q93079|H2B1H_HUMAN/sp|P58876|H2B1D_HUMAN/sp|P62807|H2B1C_HUMAN/sp|Q96A08|H2B1A_HUMAN/sp|P33778|H2B1B_HUMAN","HUMAN",-5.58619248352592,182.156546515752,8251.32138233038
"1/tr|C8Z6V2|C8Z6V2_YEAS8","YEAST",4.17837648011788,24.7580676979695,1.28933957248631
"2/tr|C8Z5D5|C8Z5D5_YEAS8/tr|C8Z3Z6|C8Z3Z6_YEAS8","YEAST",-4.94760436233833,202.864517952649,5902.69893700901
