"entry","species","logratio","sample1means","sample2means"
"9/sp|Q9BTM1|H2AJ_HUMAN/sp|Q16777|H2A2C_HUMAN/sp|Q8IUE6|H2A2B_HUMAN/sp|Q6FI13|H2A2A_HUMAN/sp|P0C0S8|H2A1_HUMAN/sp|Q99878|H2A1J_HUMAN/sp|Q96KK5|H2A1H_HUMAN/sp|Q93077|H2A1C_HUMAN/sp|Q96QV6|H2A1A_HUMAN","HUMAN",-6.78733439447941,1.02981900294265,108.311640382885
"1/tr|C8Z4D7|C8Z4D7_YEAS8","YEAST",4.11081917890887,7.93084052582464,0.437081400521786
"1/tr|C8Z6V2|C8Z6V2_YEAS8","YEAST",4.39836973759751,34.6248691012788,1.56339927300378
"1/sp|P0A9Z1|GLNB_ECOLI","ECOLI",-4.2379118811973,0.806549619032315,14.4908103993608
"1/sp|P63228|GMHBB_ECOLI","ECOLI",-4.10539728392079,1.43120250840847,23.4569641325812
"1/sp|P64423|ZNTB_ECOLI","ECOLI",4.65790316353771,14.2182689363635,0.536291784395293
