"entry","species","logratio","sample1means","sample2means"
"1/sp|Q9UKN8|TF3C4_HUMAN","HUMAN",-5.76881339900524,13.1782996259808,682.012794896436
"1/sp|P0A722|LPXA_ECOLI","ECOLI",4.76642190208321,1104.98729255375,38.5361737425784
