"entry","species","logratio","sample1means","sample2means"
"SLDVNQDSELK","HUMAN",4.45600502280863,25121.7268240106,1148.51555404081
"WGTLTDC(UniMod:4)VVMRDPQTK","HUMAN",4.48951488189815,68596.1169254037,3064.07542453031
"DIPVPEPKPNEILINVK","YEAST",4.42803838501607,85710.0241409279,3995.19339155626
"HVDELLAEC(UniMod:4)ANVDK","YEAST",4.41569804351238,222396.364235789,10455.5933830358
"IFLGGGLPLK","YEAST",5.32342026115351,64819.3465811784,1624.32914071486
"LPNC(UniMod:4)PRPN","YEAST",4.68271237320278,149082.104395973,5824.61459549269
"SVLSFPPLVAPTK","YEAST",4.64802709975793,153073.879586475,6126.09992842841
"TVAVLPPNWK","YEAST",4.90251339668216,637247.702397648,21378.7966702168
"DAGLNIAPFITLTR","ECOLI",-4.05352483832235,3107.14475780684,51769.3385983897
"FDPEFEK","ECOLI",-6.96225764935019,1298.23276019256,162434.964992119
"IIAADNGDAWVEVK","ECOLI",-5.28225442085174,5258.56050100115,205334.755496386
"IVDEIGLPR","ECOLI",-4.70149755238319,46381.5700975589,1210920.96703787
"IYQLKPNPAVLIC(UniMod:4)R","ECOLI",-5.23737233904927,20386.1510842244,771649.316908221
"MFLAQEIIR","ECOLI",-4.14893606114608,6532.18221360713,116276.26160326
"PGYTLYDLSER","ECOLI",4.65996036059995,899796.307130746,35713.7064290888
"TPEYDELFSGDPIWATESIGGMGLDGR","ECOLI",-4.06519862564941,10268.9596055042,172485.159730186
