"entry","species","logratio","sample1means","sample2means"
"ALMDEVVK","HUMAN",4.74430004074566,922710.24603651,34540.7259268204
"IIIPEIQK","HUMAN",-4.34368435265513,569710.750649431,11605836.1487389
"DPIGVVTLYMGR","YEAST",4.01938284503656,188278.286502665,11648.9873862733
"FKDIFQEVYEAQYK","YEAST",4.24525828132743,374267.408064348,19800.432003709
"VENPFDFMENISLAGK","YEAST",4.65651367278489,173796.976891524,6914.084219957
"AFTDFFAR","ECOLI",4.28712591093577,2523762.92445097,129699.350085445
"GNDMISHLYQPMSPSVLNLIK","ECOLI",-4.01484726554772,6477.61931081871,105062.471781158
"GPLNLPNLTR","ECOLI",-5.05508317751945,29863.8369096501,996139.153344974
"MDALELLINR","ECOLI",-4.3701727007156,2828.95123328174,58697.7248779497
"MIQEQTMLNVADNSGAR","ECOLI",-5.90371353483814,9059.40003167456,544173.056715866
