"entry","species","logratio","sample1means","sample2means"
"DESLLADELR","YEAST",-4.55604060298246,85448.776813459,2049228.57430239
"TGLLDLAR","YEAST",4.33651820511668,1337427.56405269,67488.2058908849
"YGGVYVGTLSRPEVK","YEAST",-4.16514650938,36283.981661766,663634.024593701
