"entry","species","logratio","sample1means","sample2means"
"4/sp|P00330|ADH1_YEAST/tr|D3UEP0|D3UEP0_YEAS8/tr|C8ZFH1|C8ZFH1_YEAS8/tr|C8ZHN0|C8ZHN0_YEAS8","YEAST",5.24145842148055,2469939.66219824,65730.6024059387
"1/sp|P0A988|DPO3B_ECOLI","ECOLI",4.21545853119869,564680.359202787,30601.3575502605
"1/sp|P25553|ALDA_ECOLI","ECOLI",-4.220378076342,26478.2046128316,496897.031499206
