"entry","species","logratio","sample1means","sample2means"
"STELLIR","HUMAN",-5.56813317210494,97643.6693498365,4681943.1517737
"EDGIIAQAVDDSR","YEAST",-4.08146631723637,32351.7930218107,553540.094216726
