"entry","species","logratio","sample1means","sample2means"
"DYVLNKK","YEAST",6.44738813730905,557494.296667404,6415.18016246798
"ELAAQSLSLAPQILVEK","YEAST",4.48376989159584,214659.218690022,9634.4286545376
"IEEVIDLILR","YEAST",4.89647478255432,22485.5426555175,758.12923157399
"IGASALGGGLSAWNQPIEVIR","YEAST",4.00593646267512,37022.0210947473,2314.08197593855
"IQRPEYFITANDVK","YEAST",5.07383965191694,187531.697081992,5591.42375426352
"MVVTLIHPIAM[Oxi]DDGLR","ECOLI",-4.08219902978529,15144.6959690388,257602.792875777
