"DIAumpire"	"OpenSWATH"	"PeakView"	"Skyline"	"Spectronaut"
"peptides.iteration.1"	12.2393069219724	11.3455819820662	11.4930749622138	11.3016389615939	11.7504318622324
"peptides.iteration.2"	NA	11.8687432068922	11.2099244123557	11.2811161971129	12.314001452367
"proteins.iteration.1"	9.34672122724308	9.24681336626115	9.76643177904181	9.63929295002858	10.0181105007004
"proteins.iteration.2"	NA	10.0543444737624	9.65251657624465	9.49342105982995	10.3263219946642
