"DIAumpire.HUMAN"	"OpenSWATH.HUMAN"	"PeakView.HUMAN"	"Skyline.HUMAN"	"Spectronaut.HUMAN"
"iteration.1"	0.0664731028354254	0.0493869975106126	0.0565666638791149	0.0537183719685191	-0.0288737392220787
"iteration.2"	NA	0.0553310166697301	0.05812978019705	0.047589093500838	-0.0201046249544057
