"entry","species","logratio","sample1means","sample2means"
"HAVSEGTK","HUMAN",-4.20269824130428,73164.0624794866,1361607.14037842
"IQLQIQETLQR","HUMAN",4.24311032505682,209519.016230773,11182.4184175818
"DEGLHTDFAC[CAM]LLFAHLK","YEAST",5.33736939166674,822566.380684043,20562.6197963849
"VDIGQIIFSVR","YEAST",5.3091259972419,1050090.4303051,26769.2559199011
