"entry","species","logratio","sample1means","sample2means"
"LLPEQLIK","HUMAN",4.24154872261103,4183146.32620206,225578.511934059
"C[CAM]GGIDKR","YEAST",4.26476299420877,570672.081327972,30282.5961790959
"DIQIPVYDTFDGSDLR","YEAST",4.06088178594209,654624.53928748,40010.4208392939
"DIYGWTQTSLDDYPIK","YEAST",4.0131169215102,293660.185433716,18552.5907143109
"FVPSKPM[Oxi]C[CAM]VEAFSEYPPLGR","YEAST",5.1212213128002,45614853.8787189,1336882.14487733
"HLDAEPR","YEAST",-4.16195325703499,25721.8611994119,469681.252867763
"KIDVNEQSK","YEAST",-5.08936114994144,35372.6771263807,1228418.53149111
"KQEQIFNQK","YEAST",5.4375808346541,378821.480340122,8916.36269882309
"LGGSSLLEC[CAM]VVFGR","YEAST",4.57054901792324,349925.954667582,15022.1422323031
"NAQYDWMLQALR","YEAST",4.53465391525465,308616.997208139,13582.5420256907
"TVFIQELINNIAK","YEAST",6.23878286787315,1780562.45441089,24050.521417217
"VFGLNNIQAEELVEFSSGVK","YEAST",4.84078619783008,518994.929846776,18474.3569951727
"VLIKDEAK","YEAST",-4.55196551095102,23823.7757411769,570055.073041777
"WQTLIEANVTVK","YEAST",-4.18135349130288,30518.6148588761,564814.329602138
"YNAFIASEVLIK","YEAST",4.13287111712473,1338609.48434717,77833.0031558884
"YYNAVNPFEFMEDVATAGK","YEAST",7.58139282414141,2835823.55089793,15103.6050477577
"ESPDYWLEYGNPWEFKR","ECOLI",4.05319794633112,232658.840322186,14295.9645773847
"GVSADQISIVSYGK","ECOLI",-4.40653156344697,10882.0221571558,235415.930404735
"ISIQLNDGR","ECOLI",5.50338841500515,1429270.09734805,32140.8517429548
"LKTNNPEQLEK","ECOLI",4.81148292776942,520247.123540218,18898.9235124171
"LLEVTPR","ECOLI",4.19467677722796,2886671.40945881,160805.864564451
"QAGTPIDVVWPK","ECOLI",-4.58969653771019,4390.26050896406,107833.744082479
"VVVSLGPQGALGVDSENC[CAM]IQVVPPPVK","ECOLI",-4.09335892445874,17482.0141423773,304399.090913141
