"entry","species","logratio","sample1means","sample2means"
"AVIEHNLLSASK","HUMAN",4.34345553520408,670072.497123721,33585.9179013935
"C[CAM]PEALFQPSFLGMESC[CAM]GIHETTFNSIM[Oxi]K","HUMAN",4.13408182314179,8016685.14748956,464577.34102244
"C[CAM]PEALFQPSFLGM[Oxi]ESC[CAM]GIHETTFNSIMK","HUMAN",4.73487411283787,10894370.4867082,416302.325388375
"GMGGAFVLVLYDEIKK","HUMAN",-4.10083125844043,7662.62027529889,133781.589150381
"LLPEQLIK","HUMAN",-5.73027516945313,779638.303752282,42113729.9043697
"VETGVLKPGM[Oxi]VVTFAPVNVTTEVK","HUMAN",5.47835071725365,13822556.4824016,315490.517684569
"AAAPTVVFLDELDSIAK","YEAST",6.6852814722157,486563.966341803,4810.78026368865
"IVIPLFNK","YEAST",-5.63514845710743,104779.444395385,5298715.92786602
"KVSDVLNASR","YEAST",-4.04869884181389,59307.3158692122,998697.342184674
"SAYLAAVPIAAILIK","YEAST",4.19793468977387,610417.010328625,33842.948740463
"VINATPTMVIPPLILVR","YEAST",4.3293434345557,133542.429773434,6759.31784179254
"ASYSGFTLVLDSQQVEEGKR","ECOLI",4.82578167573318,1093774.41376784,39243.574036534
"DKPLGAVALK","ECOLI",4.01860473996475,1061935.43671981,66668.913284148
"EAFPGDVFYLHSR","ECOLI",-4.6986637973438,56723.1712632764,1498804.80227974
"LVHTLNGSGLAVGR","ECOLI",-5.14312660422505,81171.0671837487,2918653.00491305
"MKPTTISLLQK","ECOLI",-4.44728702475711,18738.4138953523,415954.140146843
"NEPSGSLHGLMR","ECOLI",-4.16085505095669,16189.5215118562,294660.567714642
"SADAAGVHAVIVPK","ECOLI",4.34274201258895,1168693.74032344,58607.1953658566
