"entry","species","logratio","sample1means","sample2means"
"IIIPEIQK","HUMAN",-4.97849493204708,2067032,63677814.6666667
"STQAPLIIRPDSGNPLDTVLK","HUMAN",4.19007043616537,11124167,595518.5
"MLHDLAK","YEAST",-4.88087172584052,945509,27221942
"AFTDFFAR","ECOLI",6.18417553617361,34079444.6666667,457967.666666667
"AIAQVGTISANSDETVGKLIAEAMDK","ECOLI",4.16380870131968,1395707,76090
"AIGDQWVVTSGLQAGDR","ECOLI",4.39509038237166,1515978,70405
"AVAIENLK","ECOLI",-4.07710457665253,178533,2944516
"DQAANWIIATYQQLSGK","ECOLI",4.43667521157715,1716597,77457
"GMDVLEFGGIEPNPAYETLMNAVK","ECOLI",4.44729914106609,2383771,106772.333333333
"KPDAALVDFLC[+57]ENADVITK","ECOLI",-4.05452028937121,140641,2283541
"LGANPVPLQLAIGAEEHFTGVVDLVK","ECOLI",-4.06319508113171,40846,667202.666666667
"LLIDIC[+57]GGEAGPVIDITNEATLPK","ECOLI",-4.63942720822002,59919,1459271
"TLNDAVEVK","ECOLI",-4.32127446668552,216349,4226226.5
"VVGDHMGMLATVMNGLAMR","ECOLI",-4.19309548253194,88983,1590447
