"entry","species","logratio","sample1means","sample2means"
"TYALFIGDTVLVDEDGPATVLTSVK","HUMAN",4.21606992017593,297415,15946
"DC[+57]VAIAC[+57]DLR","YEAST",-4.00702910808784,222096.333333333,3558195
"DGLHDSNK","YEAST",4.04503485221518,200021,12074
"ELNLVELKDR","YEAST",-4.67847886627645,51971,1326099
"KLEGLQK","YEAST",4.21676712839631,2550625,136686.5
"ELDQALVVR","ECOLI",-4.65504865992016,81484,2045662.66666667
"LIPPSQTFPR","ECOLI",-4.68309543819622,61565,1575935.66666667
