"entry","species","logratio","sample1means","sample2means"
"EAIDALNGMLLNGQEIYVAPHLSR","YEAST",5.45907724224629,26.8665749613229,0.578771945094277
"TADQGTNIQTPAQMAK","ECOLI",-4.07100908615273,1.01230593801036,16.1231092628329
