"entry","species","logratio","sample1means","sample2means"
"AFYPEEISSMVLTK","HUMAN",-4.0005517563758,0.85695778686892,12.8443644894449
"AILVDLEPGT[15.995(M)]MDSVR","HUMAN",5.5571991809373,56.7254597443733,1.12813609027508
"GITFDSGGISIK","HUMAN",-4.1836971841866,0.393956897280973,6.70400249911432
"I[15.995(M)]MGIPEEEQMGLLR","HUMAN",4.23166057945683,92.2432672947108,4.59774653203028
"NDIAINELMK","HUMAN",-5.57862248867789,9.73919898207774,435.835956299652
"TSDIFGSPVTATSR","HUMAN",4.45426263492004,27.9259883267172,1.19291363992859
"TSTPEDFIR","HUMAN",5.11224569872351,12.1665063800424,0.329377327613553
"[57.021(C)]C[15.995(M)]MPTFQFFK","HUMAN",-7.30390010985098,5.06244892778776,749.06721124783
"VVSLPDFYTFDR","YEAST",-4.50741570895577,5.28489035938645,112.556460359871
"EYFAPLAEATR","ECOLI",-5.67478825978686,1.59207323437259,76.1573178271144
"FPLHEMRDDVAFQIINDELYLDGNAR","ECOLI",-4.12939471972313,3.00950578232166,49.321238160384
"LGTSTVSPIELENAVR","ECOLI",-4.03694418356574,1.04531362796014,16.067748170053
"VIFLTADAFGVLPPVSR","ECOLI",-4.03060157952694,0.398018308593148,6.09118990539412
