"entry","species","logratio","sample1means","sample2means"
"LHFF[15.995(M)]MPGFAPLTSR","HUMAN",-4.97996557073375,19.534985203958,579.246625634808
"YG[57.021(C)]CLAGVR","HUMAN",7.7328344441007,202.65505997274,0.895104508078553
"AAFLGSEVR","YEAST",-6.72150256184707,1.28705909632635,127.615605996397
"EGPAEDFANQEAIAK","ECOLI",-4.49108177230065,1.0958093510891,23.1535047913999
"GATVELADGVEGYLR","ECOLI",-6.62392362084062,1.05962696685502,98.1938103497447
"GT[57.021(C)]CQTYILGQR","ECOLI",-5.16901486381854,9.15425168253867,309.444510165114
"[42.011(N-term)]MLTVIAEIR","ECOLI",-5.29258272511594,4.6882032143293,172.648971219219
