"entry","species","logratio","sample1means","sample2means"
"C[+57]LEDLTSR","HUMAN",5.07671161401543,3062161,92652
"ADALSDLEIKDSK","YEAST",-4.12057645976119,33418,593563
"IQQLLTDEGVLGK","YEAST",-4.0627525705018,59841,1021124
"KLEGLQK","YEAST",-4.61951383683209,109754.333333333,2754883
"VFEDIPIEEAEK","YEAST",-5.26767036685369,70190,2761031
"FGETYINR","ECOLI",-4.07646942394719,31238,538136
"IIAGNIINFSR","ECOLI",-4.58367037014739,47856,1171731
