"entry","species","logratio","sample1means","sample2means"
"G6PI_ECOLI","ECOLI",-4.32940282005179,300433,5927836.66666667
"RPOB_ECOLI","ECOLI",-4.27008123265171,273096.5,5171388.33333333
