"entry","species","logratio","sample1means","sample2means"
"DESLLADELR","YEAST",-6.66302598924357,103344,10056336.5
"AAGYHQTLLQIPQMYQLDTPFVNVIK","ECOLI",-4.54252698132424,128835,2883066
"DVELEKELLIEAQNLGLGAQFGGK","ECOLI",4.13356499275472,2043366,111790
"EMGTGLVVTELMGQGVSAITGDYSR","ECOLI",5.49113912583368,5767789,123139
"FLWFIESNIE","ECOLI",4.65933081918038,1123574,42696
"MDALELLINR","ECOLI",4.12605130543477,3577181,196725
