"entry","species","logratio","sample1means","sample2means"
"VNQIGSVTEAIQA[57.021(C)]CK","HUMAN",4.60113262562652,847611.250349,34574.47272145
"LIAYVTGVQNVR","ECOLI",-4.62740270464017,4618.6031293,113014.833379867
