"entry","species","logratio","sample1means","sample2means"
"F[57.021(C)]CLQYTR","HUMAN",6.19807437759785,863960.671755067,11383.8809525
"GAHQNIIPASTGAAK","HUMAN",7.29644154277129,10242858.3019438,63034.1751027
"LHFF[15.995(M)]MPGFAPLTSR","HUMAN",-4.95562938942392,243484.9508869,7309167.1297363
"L[57.021(C)]CYVALDFEQE[15.995(M)]MA[15.995(M)]MAASSSSLEK","HUMAN",-5.03746983359733,134134.6429946,4261604.6226296
"YG[57.021(C)]CLAGVR","HUMAN",7.6974438832179,2470497.3189374,11513.9824491
"[42.011(N-term)]MVNPTVFFDIAVDGEPLGR","HUMAN",9.02631458431975,2945237.6800308,5464.2628572
"AAFLGSEVR","YEAST",-6.71096341255046,16197.6363267,1641555.6333505
"FDGSLNVDLNEFQTNLVPYPR","YEAST",-5.19563846507943,259682.5872136,9206372.2039058
"IYEVEGMRWAGNANELNAAYAADGYAR","YEAST",-4.333353981088,192680.3164646,3757591.4248012
"QEGAANKTVVVVGTVTDDAR","YEAST",4.80609726952216,3465123.2604444,119823.4783686
"AIGDQWVVTSGLQAGDR","ECOLI",-4.22640451321866,10212.9674831,184939.2774169
"EGPAEDFANQEAIAK","ECOLI",-4.45796485496043,13790.7586396,293205.406170867
"GATVELADGVEGYLR","ECOLI",-6.58953108152668,13335.4034015,1242382.55819893
"GT[57.021(C)]CQTYILGQR","ECOLI",-5.15819783644222,114099.0125182,3941457.36487115
"[42.011(N-term)]MLTVIAEIR","ECOLI",-5.28204357581933,59001.0287081,2220832.546962
