"entry","species","logratio","sample1means","sample2means"
"AILVDLEPGT[15.995(M)]MDSVR","HUMAN",5.42758319253343,796069.374112633,17693.8035376
"GITFDSGGISIK","HUMAN",-4.0781783347591,6309.9225851,101956.206168867
"GLANVF[57.021(C)]CVFTK","HUMAN",-5.72796026205529,78971.6084362,4004003.6593616
"HTGSGILS[15.995(M)]MANAGPNTNGSQFFI[57.021(C)]CTAK","HUMAN",-4.56798286213984,58415.5719734,1325452.36377803
"I[15.995(M)]MGIPEEEQMGLLR","HUMAN",4.21973648566719,1291094.72688425,66286.7125177
"NDIAINELMK","HUMAN",-5.63054223259755,144195.825398333,6833613.63428915
"NQKPEVR","HUMAN",-4.2475138832322,49243.4164631,894773.0428665
"TSDIFGSPVTATSR","HUMAN",4.43607004379105,410687.057600667,18149.1587757
"TSTPEDFIR","HUMAN",5.05167237921631,164643.4439473,4748.7046259
"[57.021(C)]C[15.995(M)]MPTFQFFK","HUMAN",-7.17674017597262,78028.37258585,10799465.0297728
"ALDQVYK","YEAST",4.21787999135257,372025.2295277,19124.9200002
"SIGGEVFIDFTK","YEAST",7.655894202258,13385058.8060357,63489.5303408
"TASGNIIPSSTGAAK","YEAST",4.03254667728109,43366406.6079365,2534962.6105027
"VVSLPDFYTFDR","YEAST",-4.58989781153646,76629.7814974,1765347.2073654
"EN[57.021(C)]CIFLDNPHQAR","ECOLI",-4.94429123961116,4748.7046259,139859.108845
"EYFAPLAEATR","ECOLI",-5.53168357332696,25499.8933336,1128435.3307601
"FPLHEMRDDVAFQIINDELYLDGNAR","ECOLI",-4.0120861746404,48202.6044903,743985.4083071
"GFGFITPEDGSK","ECOLI",-4.3955579652633,57114.5570074,1149945.44486463
"LGTSTVSPIELENAVR","ECOLI",-4.06037842766723,15156.8243539,241902.049344933
"MFDGSSIGGWK","ECOLI",-4.12521717013347,16913.194558,282341.931204767
"MIIVTGGAGFIGSNIVK","ECOLI",4.41926345478256,4134235.2574582,184841.70129445
