"entry","species","logratio","sample1means","sample2means"
"TVTSLDVVYALK","YEAST",-4.12438122300397,211002.943902433,3683108.3179977
"AVAAGMNPMDLK","ECOLI",-4.41204145755188,54967.8823135,1171195.35597597
"TQGVELEIR","ECOLI",-4.66040891839558,10993.5764627,278243.734061867
