"entry","species","logratio","sample1means","sample2means"
"1/sp|Q9UKN8|TF3C4_HUMAN","HUMAN",-5.78011511763104,237814.307628911,12767620.2661109
"1/sp|P0A722|LPXA_ECOLI","ECOLI",4.71356446817198,19395663.3781616,722211.327436667
