"entry","species","logratio","sample1means","sample2means"
"9/sp|Q9BTM1|H2AJ_HUMAN/sp|Q16777|H2A2C_HUMAN/sp|Q8IUE6|H2A2B_HUMAN/sp|Q6FI13|H2A2A_HUMAN/sp|P0C0S8|H2A1_HUMAN/sp|Q99878|H2A1J_HUMAN/sp|Q96KK5|H2A1H_HUMAN/sp|Q93077|H2A1C_HUMAN/sp|Q96QV6|H2A1A_HUMAN","HUMAN",-6.79641936379419,16.7750944531392,1910.14552939659
"1/tr|C8Z4D7|C8Z4D7_YEAS8","YEAST",4.10393094599841,129.547592293399,7.71788710444038
"1/tr|C8Z6V2|C8Z6V2_YEAS8","YEAST",4.39550493479343,565.362276070714,27.5184130964135
"1/sp|P63228|GMHBB_ECOLI","ECOLI",-4.11319743821618,23.4219828722885,415.235864066464
"1/sp|P64423|ZNTB_ECOLI","ECOLI",4.64945807070775,232.365587416038,9.48464015705241
