"entry","species","logratio","sample1means","sample2means"
"1/tr|D3UF30|D3UF30_YEAS8","YEAST",4.31979423340133,6965.96145985642,356.214020414874
"4/sp|P00330|ADH1_YEAST/tr|D3UEP0|D3UEP0_YEAS8/tr|C8ZFH1|C8ZFH1_YEAS8/tr|C8ZHN0|C8ZHN0_YEAS8","YEAST",5.44025288033598,59292.0414148469,1394.55190544334
"1/sp|P45470|YHBO_ECOLI","ECOLI",-5.03251194770342,300.691231351757,10050.2159699381
