"entry","species","logratio","sample1means","sample2means"
"EIVTNFLAGFEA","HUMAN",4.28489408674788,538.291182115404,28.142546046449
"ALDFPGWYQQILTK","YEAST",4.75494128940507,564.521529027869,21.3072951380747
"GAIAAAHYIR","YEAST",4.36668000992753,8211.68184783296,405.656293759106
"GVMNAVNNVNNVIAAAFVK","YEAST",5.3493694167479,11912.1568316924,297.781366375417
"LILPYLDVDLK","YEAST",5.24957004802172,1728.70239746754,46.3094852474444
"M(UniMod:35)SANISETTAMITDIATAPAEIDR","YEAST",5.24813738016256,13584.370254325,364.267567369711
"M(UniMod:35)VNQAEEFKAADEAFAK","YEAST",5.04869488058323,2796.3704730642,86.1021265644817
"MSANISETTAMITDIATAPAEIDR","YEAST",5.43965231338977,13437.9911153266,315.546672937682
"NEPTHIIC(UniMod:4)K","YEAST",-5.52848292401078,54.044321230582,2542.24279666359
"SVGFGLVYNSVAEAK","YEAST",4.63670922011049,2875.21929756116,117.790478579761
"TVDGPSHK","YEAST",5.60760990590033,24430.2852710022,510.619646587908
"VINDAFGIEEGLMTTVHSMTATQK","YEAST",4.08651522843136,7958.00682196038,477.384609654823
"VLIKDEAK","YEAST",-4.55015770499677,60.5034367697785,1444.58056225049
"DIPPNVVAAGVPC(UniMod:4)R","ECOLI",-4.62368727076102,55.62319268893,1397.50136350982
"ELSQGTYLGHITR","ECOLI",4.01413059199953,799.883414190409,50.4522739314834
"GAVPGATGSDLIVK","ECOLI",-4.9625419481491,81.5300907647483,2590.71521128683
"GDKVELEGK","ECOLI",4.70828786265259,831.081592678293,32.3992947349998
"HGLHEYLQTQVVYLQS","ECOLI",-4.17186252356798,15.6574552839413,287.610479123679
"ILQGQALR","ECOLI",4.73471230073744,4310.45109051843,164.990928432206
"KWDLGDILGAK","ECOLI",-4.71828087410326,33.4310719076591,896.854808344752
"LPNITILATGGTIAGGGDSATK","ECOLI",-4.80373085048617,36.4913530468404,1038.68727689674
"QLVAQLEK","ECOLI",-4.69919478984268,117.827839075658,3119.42298786748
"VNEIETYMDGVHLIC(UniMod:4)TTAK","ECOLI",4.09117011423946,568.670388091329,34.0034873958962
