"entry","species","logratio","sample1means","sample2means"
"tr|C8ZGB0|C8ZGB0_YEAS8;","YEAST",-5.62227009528304,120618.651915382,5715891.36298453
"tr|C8ZI90|C8ZI90_YEAS8;","YEAST",5.98607418338914,3094026.77046201,46960.6105615222
"sp|P00393|DHNA_ECOLI;","ECOLI",-4.69414362263984,6674.35769808444,166220.684202294
"sp|P0A6J5|DADA_ECOLI;","ECOLI",-4.34949403416101,38149.607389051,748196.713685264
"sp|P0A9B6|E4PD_ECOLI;","ECOLI",-4.62163710582321,10011.5365471267,237109.900481949
