"entry","species","logratio","sample1means","sample2means"
"HVAEDLGK","HUMAN",4.39294689180728,1065983.04904548,49076.5461352439
"SQPFVDHVFTFTILDNR","HUMAN",4.04006964979194,276988.274144386,16285.8980191335
"GELDNTPALC(UniMod:4)K","YEAST",4.00315363515912,185413.132062661,11184.1670346915
"TIADIIPK","YEAST",4.25740807328831,272298.783394624,13771.1637661791
"EFLENYLLTDEGLEAVNK","ECOLI",-4.28496216498214,10533.8047278929,198618.583854037
"EIEAAYNELKK","ECOLI",-4.02627073262851,26830.0259582455,422845.613672069
"HLVSPADALPGR","ECOLI",-5.08947235868563,8807.76381207197,290056.083119509
"KKYEQEIDVR","ECOLI",-4.14373172956571,2894.62842581456,49489.4745840049
"LAVGLYDGMNLDWLAYR","ECOLI",-4.29664613735274,112653.762962811,2141398.76028882
