"entry","species","logratio","sample1means","sample2means"
"LGTSWLEDAGAIVK","YEAST",-4.06340139849627,46446.490867916,746287.198345945
"AAEFGVLVR","ECOLI",-5.44301210323704,17802.2853092464,744274.338942875
"QGVLLLNTVLTVR","ECOLI",5.37624205675381,1170605.85405763,27086.1916759543
