"entry","species","logratio","sample1means","sample2means"
"1/tr|C8Z7J1|C8Z7J1_YEAS8","YEAST",4.95489573358092,161108.303250099,5037.73721719369
"1/tr|C8ZIR8|C8ZIR8_YEAS8","YEAST",4.14698982074032,382946.739633715,20963.3109206119
"2/tr|C8ZGE1|C8ZGE1_YEAS8/tr|C8ZAC6|C8ZAC6_YEAS8","YEAST",4.29886993720254,187776.828032384,9252.15771204312
"1/sp|P12295|UNG_ECOLI","ECOLI",6.04317539728358,1339179.74204996,19694.8027031691
