"entry","species","logratio","sample1means","sample2means"
"ALMLQGVDLLADAVAVTMGPK","HUMAN",6.1992057188761,1043006.05711594,13744.432228561
"DAVSNTTNQLESK","HUMAN",-6.53537502485648,147719.921618391,13266911.3831344
"FSMPGFKGEGPEVDVNLPK","HUMAN",-4.19589933552493,6675.86708244389,118463.91587474
"AILTDEGVLIK","YEAST",-4.34046441424362,41691.4444266349,817793.717599379
"DESLLADELR","YEAST",-5.44593343516176,118398.466197461,4997148.30991837
"DFIDLMR","YEAST",6.70335202163253,6382030.75630044,59297.4076146487
"DYIM[+16]SPVGNPEGPEKPNKK","YEAST",5.9993148968057,6741251.31004547,102036.046877745
"INNLVSVTESIVK","YEAST",5.04514913861096,200865.059568827,5890.47095509755
"NTYEYEC[+57]SFLLGENIGMK","YEAST",4.60810702913254,272008.858770949,10799.1967510122
"SAALAFAEITEK","YEAST",4.42376923925418,191505.755717949,8639.35740080974
"STNQEAGAFTFNEDF","YEAST",4.49249809117481,214544.042120109,9228.4044963195
"TVVVDDQGKPR","YEAST",-4.02133244517057,75659.8269343642,1189580.60938195
"VLIKDEAK","YEAST",-4.60886296531063,25034.5015591646,591468.733569073
"ALLEQLGLGK","ECOLI",5.09381897512568,692523.035287636,19634.9031836585
"DFAELLLEDYK","ECOLI",-4.03785973526181,21794.7425338609,346621.490868852
"DLTDSTVLR","ECOLI",-4.82915895524777,39858.8534628268,1097067.49054828
"FGLAPLGC[+57]GWVIWR","ECOLI",-4.02895663551111,75594.3772570852,1194849.3084029
"FREELNETHQLFK","ECOLI",-4.26179968747766,9228.4044963195,171412.704793339
"FVESVDVAVNLGIDAR","ECOLI",-5.05130945203699,44571.2302269048,1430991.74402503
"HNDLENVGYTAR","ECOLI",-4.02179363310193,11780.9419101951,185288.036376458
"ISNGEGVER","ECOLI",-4.1221912476487,36324.5708897682,612478.079975588
"KAELESAALNAR","ECOLI",4.30672244640283,2522986.8845842,123438.091347933
"LSMGVQDFNK","ECOLI",4.78898442781169,1339885.79325286,46927.4186089438
"NLGLMAAER","ECOLI",4.71379477417323,1819959.17609331,67151.3688881121
"TLESAGVK","ECOLI",-4.22811942649607,139996.859699485,2540363.77390174
"TRYDQQSDAWIMR","ECOLI",-4.27890599073529,19733.0776995768,370903.321139309
"VEAVMAGMDITPER","ECOLI",-4.00074700591274,10210.1496555024,158257.319660288
"VGFRFEDGK","ECOLI",-4.35795941475126,7657.61224162682,152039.600318796
"VMSDAFIK","ECOLI",-4.01144689456993,7657.61224162682,119576.56038848
