"entry","species","logratio","sample1means","sample2means"
"ALMLQGVDLLADAVAVTMGPK","HUMAN",5.62684387120387,942848.382078634,18393.7082805404
"LLPEQLIK","HUMAN",-5.83481524875838,511704.487602766,28154631.9967387
"AILTDEGVLIK","YEAST",-5.48972077204847,31993.2887386076,1385816.49438638
"IFEGIPPPYDKK","YEAST",5.2134209094257,1201422.05567911,31215.8918273856
"KVPAFVGPK","YEAST",-4.75540625273127,127715.464276858,3325367.36649741
"VFKGDDK","YEAST",-5.50271094649477,59760.0899584852,2611971.98962413
"VLIKDEAK","YEAST",-4.88949116110274,25534.08269182,729591.86667016
"DALAGESTRPR","ECOLI",4.20528907056744,157469.907576193,8229.1625748409
"IIVDTYGGMAR","ECOLI",-4.00956681238597,66482.032374434,1032239.29589253
"SIATLFELC[+57]ER","ECOLI",4.41994147871642,1226351.73659989,55227.6172855469
