"entry","species","logratio","sample1means","sample2means"
"1/tr|C8ZH60|C8ZH60_YEAS8","YEAST",4.10223659785969,3240895.69478005,193081.51924502
"1/sp|P04693|TYRB_ECOLI","ECOLI",-4.04105525161145,6530.63836554972,110003.473546106
