"entry","species","logratio","sample1means","sample2means"
"LLPEQLIK","HUMAN",4.24154872261104,3130177.62199514,168796.583957901
"C[CAM]GGIDKR","YEAST",4.26476299420877,427024.263359205,22659.9543750081
"DIQIPVYDTFDGSDLR","YEAST",4.06088178594209,489844.467273739,29939.1209849149
"DIYGWTQTSLDDYPIK","YEAST",4.01311692151021,219740.948376081,13882.5897435665
"FVPSKPM[Oxi]C[CAM]VEAFSEYPPLGR","YEAST",5.12122131280021,34132823.4079199,1000366.29054265
"HLDAEPR","YEAST",-4.16195325703499,19247.2335519672,351454.535068133
"KIDVNEQSK","YEAST",-5.08936114994145,26468.7758296954,919204.803722154
"KQEQIFNQK","YEAST",5.43758083465411,283465.704525882,6671.9633531892
"LGGSSLLEC[CAM]VVFGR","YEAST",4.57054901792324,261843.671543332,11240.8148755043
"NAQYDWMLQALR","YEAST",4.53465391525465,230932.877575268,10163.5863972338
"TVFIQELINNIAK","YEAST",6.23878286787315,1332364.75961909,17996.5982700485
"VFGLNNIQAEELVEFSSGVK","YEAST",4.84078619783008,388355.125222278,13824.0487751577
"VLIKDEAK","YEAST",-4.55196551095102,17826.928316937,426562.566497699
"WQTLIEANVTVK","YEAST",-4.18135349130287,22836.56315993,422641.006849014
"YNAFIASEVLIK","YEAST",4.13287111712473,1001658.82944338,58241.1194189411
"YYNAVNPFEFMEDVATAGK","YEAST",7.58139282414141,2121998.78434726,11301.7721220542
"ESPDYWLEYGNPWEFKR","ECOLI",4.05319794633111,174094.673899932,10697.4284223983
"GVSADQISIVSYGK","ECOLI",-4.40653156344697,8142.83306921998,176157.757761991
"ISIQLNDGR","ECOLI",5.50338841500516,1069498.63228131,24050.4555739513
"LKTNNPEQLEK","ECOLI",4.81148292776942,389292.12057744,14141.744716847
"LLEVTPR","ECOLI",4.19467677722797,2160047.37662257,120328.307808019
"QAGTPIDVVWPK","ECOLI",-4.58969653771019,3285.15766082826,80690.1662771578
"VVVSLGPQGALGVDSENC[CAM]IQVVPPPVK","ECOLI",-4.09335892445874,13081.4954076815,227776.68965672
