"entry","species","logratio","sample1means","sample2means"
"AYPHVFTK","HUMAN",4.31320112365514,221149.777652664,11274.832824333
"C[CAM]GGIDKR","YEAST",5.57080535992208,1045892.36260794,22301.4960610156
"DKSFAIDK","YEAST",-5.79739008634432,37506.4363573488,2114076.18631492
"DLGDSALAMASGIPTVK","YEAST",4.25358070736461,114661.263967231,6092.39232964744
"FSAETLSELIR","YEAST",5.91185403477402,179455.405056174,3020.90917829923
"HEWPSLVDELVAEGR","YEAST",5.08894932638418,532815.481679065,15866.3474827317
"QIVFEIPSQTN","YEAST",4.35427258752872,164879.833212088,8170.10054081667
"TVFIQELINNIAK","YEAST",8.24271046994839,1304047.90291161,4363.31902520876
"VFGLNNIQAEELVEFSSGVK","YEAST",5.64623477584396,422111.523102014,8542.15991729706
"VGLFSYGSGLAASLYSC[CAM]K","YEAST",6.06772239693135,216639.808621016,3273.39440806423
"VINDAFGIEEGLM[Oxi]TTVHSMTATQK","YEAST",7.00441614155838,514616.639555385,4062.29055885885
"VLIKDEAK","YEAST",-4.96330099007477,12847.6161973226,406210.878144733
"YNAFIASEVLIK","YEAST",4.43107155893741,1129134.6325215,53050.1719202866
"DVDVWHPDVR","ECOLI",-4.13220859313501,5836.25656448488,103724.089194458
"GVVVQDAALLESGAAIR","ECOLI",-4.29874915736996,8348.46392937456,166527.336157428
"HLVSPADALPGR","ECOLI",-4.01317445101012,8727.55300176547,142825.220159235
"QDFLNSLTVEMLNQDLR","ECOLI",4.01083090514369,169746.429008837,10672.0230941577
"YMENSLKEQEK","ECOLI",-4.01096098646337,5317.59600222099,86888.325429828
