"entry","species","logratio","sample1means","sample2means"
"IIIPEIQK","HUMAN",-6.55293118177572,1669579.6834752,153124032.128376
"MFLLVGAPK","HUMAN",-5.33564806288088,214350.2880064,8455154.4388192
"DFIDLMR","YEAST",-4.41567326807989,326583.10272,6808495.8262272
"AFTDFFAR","ECOLI",6.1719702899584,26690042.0821888,361583.354062933
"ITFIDGDEGILLHR","ECOLI",-4.10934612882214,108383.857344,1827293.9265728
