"entry","species","logratio","sample1means","sample2means"
"IIIPEIQK","HUMAN",-4.57489024288518,745895.4254976,17764339.8667392
"AAAPSGASTGSR","ECOLI",4.00378122549769,389701.4744448,24275.363616
"AFNPWPMSWLEIEGQPVK","ECOLI",-7.4466197238368,9273.4072704,1616542.6846464
