"entry","species","logratio","sample1means","sample2means"
"1/sp|P06756|ITAV_HUMAN","HUMAN",-4.53171671388737,190667.9582192,4327289.5998304
"1/sp|P55060|XPO2_HUMAN","HUMAN",-5.05148064441619,1599540.17989049,52047267.3574037
