"entry","species","logratio","sample1means","sample2means"
"IIIPEIQK","HUMAN",-4.97646445264681,2067032,63677814.6666667
"SFLPSFILSDESK","YEAST",-4.01032218296729,282319,4451878
"AFTDFFAR","ECOLI",6.26771126125399,34079444.6666667,432812
"DQAANWIIATYQQLSGK","ECOLI",4.43870569097742,1716597,77457
"GMDVLEFGGIEPNPAYETLMNAVK","ECOLI",4.7008001862475,2383771,89693
"IIDGAELLIPMAGLINKEDELAR","ECOLI",-4.71092741972925,45513,1166384.66666667
