"entry","species","logratio","sample1means","sample2means"
"C[+57]LEDLTSR","HUMAN",4.61801650715932,2117793,87976
"DGYDYDGYR","HUMAN",-5.10994944525671,10279,362110.5
"DLLVQQASQC[+57]LSK","HUMAN",-4.57488173462178,53045,1289624.5
"ANIDVKDQK","YEAST",5.15150560268132,3189981,91553
"DLPEGEEKPR","YEAST",5.5048054398415,955255,21461
"GFLSDLPDFEK","YEAST",-4.21866748549301,51385,975942
"GSGSTFIYGYC[+57]DK","YEAST",-4.02813933096657,58178.3333333333,968265
"IQQLLTDEGVLGK","YEAST",-4.07087295014003,59563.6666666667,1021124
"KLEGLQK","YEAST",-5.05142522058811,109754.333333333,3712738.66666667
"KLENAIK","YEAST",-5.12015010523429,111621,3960106.5
"NPVILADAC[+57]ASR","YEAST",4.52547091153386,910676,40337
"VFEDIPIEEAEK","YEAST",-5.43535769996011,70190,3098297.66666667
"YESATASALAN","YEAST",-6.208052188982,47068.5,3549625
"AFTDFFAR","ECOLI",4.32345453267479,3887434.5,198068.666666667
"IIAGNIINFSR","ECOLI",-4.60853261485717,47856,1190927
"KIAAEEGK","ECOLI",-4.77474251279296,35091,979893
"LGLTNTTFQTVHGLDAPGQFSTAR","ECOLI",-4.30347076202064,38891,783366.666666667
