"entry","species","logratio","sample1means","sample2means"
"IIIPEIQK","HUMAN",-4.97705848451903,2067032,63677814.6666667
"IDLGDTVPSLGTMFETK","YEAST",4.00380861789431,1775503,108256
"DQAANWIIATYQQLSGK","ECOLI",4.4381116591052,1716597,77457
"GMDVLEFGGIEPNPAYETLMNAVK","ECOLI",5.0667777047515,2383771,69568
"IIDGAELLIPMAGLINKEDELAR","ECOLI",-4.71152145160147,45513,1166384.66666667
