"entry","species","logratio","sample1means","sample2means"
"RL34_HUMAN","HUMAN",-5.83361373854048,39503.1918896667,2182868.43498367
"AT1A4_HUMAN","HUMAN",-4.65101076334782,15302.7109666667,372533.025466667
"RECQ1_HUMAN","HUMAN",-4.6053963501976,9202.519719,217056.02935
