"entry","species","logratio","sample1means","sample2means"
"RS2_ECOLI","ECOLI",-4.46405943140464,18068.3289133333,369515.287
"C8ZA75_YEAS8","YEAST",-4.0255365898894,11582.452433,174785.9094
"LMNB1_HUMAN","HUMAN",-4.15750531707813,4092.59028233333,67675.3806566667
"TBB4B_HUMAN","HUMAN",-4.10910656469236,28512.64056,455932.343236667
"POTEE_HUMAN","HUMAN",-4.61953647825275,53106.7972766667,1209672.44524667
"TBB5_HUMAN","HUMAN",-5.5594350651944,42818.98203,1871077.09693333
"HS90B_HUMAN","HUMAN",-4.2296355090168,43247.1763066667,751802.121123333
"TBB5_HUMAN","HUMAN",-5.48643830348002,32574.8800066667,1353206.12321333
"MYH9_HUMAN","HUMAN",-4.0666154128132,9726.906656,151024.219256667
