"entry","species","logratio","sample1means","sample2means"
"C8ZAC8_YEAS8","YEAST",4.54711151169192,100375.735216667,4211.78752333333
"HS90B_HUMAN","HUMAN",-5.55096459643863,20198.2698033333,928914.389685667
"ALDB_ECOLI","ECOLI",-4.08747342073848,3690.77854266667,61549.53358
"FDOG_ECOLI","ECOLI",-5.05666971838824,796.6638002,26009.9202166667
"NDKB_HUMAN","HUMAN",4.0073359605508,66222.96516,4039.56842366667
"TMCO1_HUMAN","HUMAN",4.09494415299596,64216.2968033333,3686.369886
"TBB5_HUMAN","HUMAN",4.83856954574793,586354.840233333,20102.98822
"EF1A3_HUMAN","HUMAN",-4.25069045343984,25637.074962,478749.656146667
"CTBP1_HUMAN","HUMAN",-7.0663988550672,3519.45937933333,462731.054743333
