"entry","species","logratio","sample1means","sample2means"
"AILFLPR","HUMAN",-7.71112836326476,29479.144888,6005719.03333
"EMAEKEK","HUMAN",5.1831408036879,14171.9959046567,379.244556433333
"GMGGAFVLVLYDEIKK","HUMAN",-4.09265615332753,14975.863021,248412.425
"KSPENTEGKDGSK","HUMAN",4.1461032965933,165170.456110667,9069.849944
"LVEALC[CAM]AEHQINLIK","HUMAN",-4.56086863251807,45568.7432533333,1045669.66006
"AILESVGIEIEDEK","YEAST",4.12319676471906,418558.7455,23351.7647966667
"AVTATEDAELQALLESK","YEAST",4.50681590479446,264197.170233333,11298.2344003333
"QLAAEYFNC[CAM]GDEADAR","YEAST",4.48362963850074,61272.55974,2662.73658
"ANLPPLLSVPVGEK","ECOLI",-4.83207719928418,27669.4090966667,766247.823856667
"ATVSDLGPLLLAR","ECOLI",-4.12341319835899,6585.9910987,111599.278766667
"DLAANPIPVLDGELVGALRPSDAPLTPR","ECOLI",-4.07391268376698,2280.34960466667,37337.0965996667
"EQMSAAGFTLAGADHAIIPVMLGDAVVAQK","ECOLI",-4.12507244297038,9136.95842966667,155003.455453333
"FLNTLYTMGPSPEPNMTILWSEKLPLNFK","ECOLI",-4.20570446186794,3409.87735633333,61171.7839666667
"FPLHEMRDDVAFQIINDELYLDGNAR","ECOLI",-4.09625837912635,10517.0961263333,174888.6707
"GAINWDLMPQISIGAAGWTTLGSR","ECOLI",-4.27414988351761,15875.1381333333,298630.406233333
"GC[CAM]YTGQEMVAR","ECOLI",-4.04058568837247,18520.6164766667,296320.789433333
"LGPEEITADIPNVGEAALSK","ECOLI",-4.27943744490398,14466.1462053333,273124.7626
"NALQLLHFWNAEIPLAQGAAVPLVR","ECOLI",-5.03163043638449,4333.2736514,137802.468033333
"QVAETIGYPTPNLAAR","ECOLI",-4.03619495469556,13610.096441,217093.161666667
"RGFEMDFAELLLEDYK","ECOLI",-4.31890368979588,11590.777406,224906.142
"YGGVAVLK","ECOLI",4.03924738498367,962050.2623,56889.5280366667
