"entry","species","logratio","sample1means","sample2means"
"DLHH_ECOLI","ECOLI",-4.02484992005711,7904.666276,124601.518733333
"RL34_HUMAN","HUMAN",-6.31901320745059,35297.2560766667,2728931.95398667
"UNG_ECOLI","ECOLI",6.00767636437284,1272898.68933333,19157.652525
"AT1A4_HUMAN","HUMAN",-5.6234886956664,9940.15115966667,474538.01465
