"entry","species","logratio","sample1means","sample2means"
"QCR9_HUMAN","HUMAN",-4.39502928696113,10876.560277,226274.687466667
"NUDL_ECOLI","ECOLI",-4.04498806421798,3004.31041566667,49036.1424933333
"KISHA_HUMAN","HUMAN",-4.08284862627115,4160.043559,69705.418316
