"entry","species","logratio","sample1means","sample2means"
"YJGR_ECOLI","ECOLI",-4.11609629892086,6585.9910987,111599.278766667
"HS90B_HUMAN","HUMAN",-7.70381146382663,29479.144888,6005719.03333
"AZOR_ECOLI","ECOLI",-4.06659578432885,2280.34960466667,37337.0965996667
"MOES_HUMAN","HUMAN",5.19045770312603,14171.9959046567,379.244556433333
"ADT3_HUMAN","HUMAN",-4.0853392538894,14975.863021,248412.425
