"entry","species","logratio","sample1means","sample2means"
"AEPPKAPEQEQAAPGPAAGGEAPK","HUMAN",-6.4124825591015,5606.699509,475146.815266667
"AGAGDASGTR","HUMAN",4.63786813694749,50170.77123,2004.861135
"AMGIMNSFVNDIFER","HUMAN",6.15118694819734,963862.640397333,13492.5585673333
"AM[Oxi]GIMNSFVNDIFER","HUMAN",4.14561447923049,252574.384510333,14197.3058923333
"EVVEEAENGR","HUMAN",4.08747366465842,407512.0908,23848.400924
"GLVGEIIKR","HUMAN",-4.47991913346607,12774.174218,283591.8967
"HLQLAIR","HUMAN",-7.33153067914554,20032.5107676667,3210088.2978
"ITPENLPQILLQLK","HUMAN",-4.4103349515862,3218.06441766667,68078.3136978
"NALDPMSVLLAR","HUMAN",6.70255511560962,1339659.10033333,12796.615068
"EQGLTPVLC[CAM]IGETEAENEAGKTEEVC[CAM]AR","ECOLI",-4.92105141358911,2445.125806,73698.0912503333
"LPQLGIEFSGPGAK","ECOLI",-4.08589077029631,8259.18479433333,139535.209633333
