"entry","species","logratio","sample1means","sample2means"
"1/sp|P06756|ITAV_HUMAN","HUMAN",-4.42940290251075,63.2989572132926,1339.85849251194
"1/sp|P55060|XPO2_HUMAN","HUMAN",-5.05625190462933,505.851379030151,16534.2944885367
