"entry","species","logratio","sample1means","sample2means"
"GHYTEGAELVDSVLDVVR","HUMAN",6.15705857296949,525597.553861667,7368.72601133333
"AADALLLK","YEAST",-7.42703610974746,13814.3433473333,2378424.02233333
"GSNHDDAFLPR","YEAST",5.18123325900276,42295.72371,1166.24078106667
"DFVAAVLPK","ECOLI",-4.70829002616305,5701.51065666667,149116.209453
"FHPSVNLSILK","ECOLI",4.27944235030482,162884.267666667,8391.450097
"GNDMISHLYQPMSPSVLNLIK","ECOLI",-4.21474112513211,4740.961048,88070.05723
"IIAGNIINFSR","ECOLI",-4.1864056385847,22956.9341333333,418163.332533333
"IVDEQPGAEC[CAM]QLIGTATGK","ECOLI",-4.22003505115502,1814.74620033333,33835.4079973333
"LLSNFFAQTEALAFGK","ECOLI",-4.27731668709613,12607.295861,244580.009366667
"STQVYGQDVWLPAETLDLIR","ECOLI",-4.00016507406758,5009.17068766667,80192.5261133333
"VSEANLIR","ECOLI",-7.48729918912404,10326.1269856667,1853691.646
