"entry","species","logratio","sample1means","sample2means"
"ALMLQGVDLLADAVAVTMGPK","HUMAN",5.41387507515319,1229988,27778
"KAGNEDEAGNTYVEAYK","YEAST",-4.1999766746801,38980,689762.666666667
"LILPGELAK","YEAST",-5.17655264237113,3571793.66666667,124372072.666667
"LATAVAALAVSQSNVGITDRPQLAAMMAR","ECOLI",-5.04522461755869,14309,454896
"LINAVQDVYLDSK","ECOLI",-4.12532935418842,113755,1911425
"RPYSVILLDEVEK","ECOLI",-5.56263030486981,53969,2455850
