"entry","species","logratio","sample1means","sample2means"
"1/sp|Q9UKN8|TF3C4_HUMAN","HUMAN",-5.78479137614085,118907.153814455,6383810.13305544
"1/sp|P0A722|LPXA_ECOLI","ECOLI",4.70888820966216,9697831.68908077,361105.663718334
