"entry","species","logratio","sample1means","sample2means"
"DIVPGDIVEIAVGDKVPADIR","HUMAN",4.13544218804751,10.080655766337,0.551450500318534
"KVVNPLFEK","HUMAN",4.67612163349946,39.047915690441,1.4684355033316
"WGDAGAEYVVESTGVFTTM(UniMod:35)EK","HUMAN",4.09663506337777,6.60437893154694,0.371134939896918
"YGPPPSYPNLK","HUMAN",4.0424182572115,21.8788066623215,1.27656923665102
"AAETLVEK","YEAST",5.31718273459633,30.7447522137039,0.741394561539362
"ISDDILSVLDSHLIPSATTGESK","YEAST",4.84207215418356,94.4314109822175,3.16531848235554
"NAILYRPK","YEAST",-5.02375778158921,0.220375831168393,6.89248200299627
"NIGTEQFKK","YEAST",4.02346152802044,4.7513533217345,0.280895391954644
"SPWPSMAR","YEAST",4.55008083174516,32.1131558741798,1.31789881827904
"AGILAQVPAGR","ECOLI",-4.43535516023432,5.54000353353877,115.237779325174
"AILAVSLANAK","ECOLI",-4.87740653144496,0.376038124612734,10.6264313133262
"ALVSPEAIGSLIVTK","ECOLI",-4.96559602575875,0.928102540049429,27.8804131834055
"GDAWIDVVNPATEAVISR","ECOLI",-4.03748412877896,1.41058022093102,22.2695537237236
"GSFMFMADLC(UniMod:4)R","ECOLI",-4.32321815465808,0.256230629096584,4.93127564961156
"IAELTAQR","ECOLI",-4.11541299867501,1.53638658926095,25.6019567214497
"IKEELFYPSNEEK","ECOLI",-4.55948033566186,0.485265927798158,11.0009461557931
"IYQLKPNPAVLIC(UniMod:4)R","ECOLI",-5.03532275263641,3.59140113885619,113.228823994294
"KVDVTGTSK","ECOLI",-5.64320623891472,0.77481343815554,37.2290014943383
"LINGSIER","ECOLI",-4.34220175807375,1.13194032464296,22.0732561115745
"LIPPSQTFPR","ECOLI",-5.10358246106611,1.28508816236548,42.4789940387005
"QLNVFEGER","ECOLI",-5.09517064812188,1.47529375865507,48.4827892887631
"SMLNPGSALLTLSYLGAER","ECOLI",-4.6941298760184,3.42282267625505,85.1859931518699
"TDTATDKDYLDIER","ECOLI",-4.78393645056679,0.771315409089375,20.4291487617897
"TFGFGAGR","ECOLI",-5.04498138247463,0.147354474412199,4.67696312417586
"VGLTNEELQK","ECOLI",-4.88732684028145,0.453203714711494,12.895415284982
"VLTPEFVAR","ECOLI",-4.80967976038488,0.733531442644893,19.7781882495424
"YLPTAMLTK","ECOLI",-4.47924311294305,0.984796946498302,21.1175301296608
