"entry","species","logratio","sample1means","sample2means"
"1/tr|C8Z9Z6|C8Z9Z6_YEAS8","YEAST",-4.84002271038158,22.8325974264567,639.003700443203
"1/sp|P65292|YGDI_ECOLI","ECOLI",-4.01678643891255,8.40408693154016,132.929012517569
