"entry","species","logratio","sample1means","sample2means"
"C8Z704_YEAS8","YEAST",4.04553305296978,703779,41087
"CPXA_ECOLI","ECOLI",8.3375621579592,79128476,235815
"YJGR_ECOLI","ECOLI",4.53570427950243,11116009,462020
