"entry","species","logratio","sample1means","sample2means"
"CLEDLTSR","HUMAN",5.68750401065566,9181424,170998
"DVSSVELLMNNHQGIK","HUMAN",-5.29291775257794,146525,5513521
"LAEIIWQNR","HUMAN",-5.11756136598927,322523,10747079.5
"SEELLIR","HUMAN",-4.14018608417907,49827,843286.666666667
"DESLLADELR","YEAST",-6.9237684436936,87007,10139265
"SFDVPPPPIDASSPFSQKGDER","YEAST",4.54015559653674,1750791,72227.3333333333
"TFIAVKPDGVQR","YEAST",4.31614842606368,2895709.5,139526
"TGQLGDVMK","YEAST",-4.13614688760271,88981,1501730
"AFTDFFAR","ECOLI",5.48399394357758,14875033.5,319008
"DFELSGIGLPK","ECOLI",4.42857745149334,2135083,95163.5
"EALETFMKETIDEGLWDTLSAR","ECOLI",4.05558224587049,1117242,64489
"EMGTGLVVTELMGQGVSAITGDYSR","ECOLI",4.50407299404077,1830638,77434
"ESLGLDSESIR","ECOLI",4.01018207271754,3374011.5,200979.5
"FLWFIESNIE","ECOLI",4.84367041253794,853900,28543.5
"GAFSWVTR","ECOLI",-4.76173595733906,70242,1828995
"VTVKDAIAADQLFTTLMGDAVEPR","ECOLI",5.02430293757709,2110762.5,62253.5
