"entry","species","logratio","sample1means","sample2means"
"CLEDLTSR","HUMAN",5.48165101613703,9244569,198874.666666667
"DVSSVELLMNNHQGIK","HUMAN",-4.71042432113672,225615,5677814
"LAEIIWQNR","HUMAN",-4.75366410938268,420187,10896130
"DESLLADELR","YEAST",-6.68181389526711,103344,10198724.3333333
"SFDVPPPPIDASSPFSQKGDER","YEAST",4.37288259862806,1986929,92182.3333333333
"TFIAVKPDGVQR","YEAST",4.20230010004668,3401314,177608
"AFTDFFAR","ECOLI",5.31752437020608,14896765.5,359080.5
"EMGTGLVVTELMGQGVSAITGDYSR","ECOLI",4.20821888319316,2367903,123139.666666667
"FLWFIESNIE","ECOLI",4.72458729539017,1016604.5,36961
"GAFSWVTR","ECOLI",-4.48817003833982,87632,1890474
"VTVKDAIAADQLFTTLMGDAVEPR","ECOLI",4.51619081509819,2342173.5,98388.5
