"entry","species","logratio","sample1means","sample2means"
"C8Z704_YEAS8","YEAST",4.14634460694761,376685,20511
"C8Z799_YEAS8","YEAST",4.10780182279594,5573548.66666667,311704.333333333
"C8ZFB5_YEAS8","YEAST",-4.19447177788851,570593.333333333,10073285
"FCJ1_YEAS8","YEAST",4.27380061348724,3870190.33333333,192918
"CPXA_ECOLI","ECOLI",9.36552042330087,78910319,115349
"GYRA_ECOLI","ECOLI",-4.18040995658706,359879.333333333,6291704.33333333
"YJGR_ECOLI","ECOLI",5.21302197331796,10905810,283507.5
