"entry","species","logratio","sample1means","sample2means"
"STA5B_HUMAN","HUMAN",-4.01935895753971,736628,11543741
"C8Z799_YEAS8","YEAST",4.28421123201546,10883966.3333333,539836
"C8Z957_YEAS8","YEAST",4.10581429859343,6013248.66666667,337510
"C8ZGB0_YEAS8","YEAST",-4.73398784840684,429616.666666667,11048522.5
"CPXA_ECOLI","ECOLI",7.43080656017455,79172657,443435.333333333
"LPXA_ECOLI","ECOLI",4.95417273455293,29800045,928994.333333333
