"entry","species","logratio","sample1means","sample2means"
"C[+57]LEDLTSR","HUMAN",4.62089396849833,2117793,87797.6666666667
"DLLVQQASQC[+57]LSK","HUMAN",-4.57080395529479,53045,1285940
"ANIDVKDQK","YEAST",5.15145565505424,3189981,91553
"DLPEGEEKPR","YEAST",5.50475549221443,955255,21461
"GFLSDLPDFEK","YEAST",-4.21871743312009,51385,975942
"GSGSTFIYGYC[+57]DK","YEAST",-4.02818927859364,58178.3333333333,968265
"IQQLLTDEGVLGK","YEAST",-4.0709228977671,59563.6666666667,1021124
"KLEGLQK","YEAST",-5.05147516821519,109754.333333333,3712738.66666667
"KLENAIK","YEAST",-5.12020005286137,111621,3960106.5
"NPVILADAC[+57]ASR","YEAST",4.52542096390678,910676,40337
"VFEDIPIEEAEK","YEAST",-5.43540764758719,70190,3098297.66666667
"YESATASALAN","YEAST",-6.20810213660907,47068.5,3549625
"AAIQSLPR","ECOLI",5.7460364636002,7583007.66666667,144125
"AFTDFFAR","ECOLI",4.75730305150904,5251453.66666667,198068.666666667
"HGAVSVMQYR","ECOLI",-5.16270663705189,23933,874488
"IIAGNIINFSR","ECOLI",-4.60858256248425,47856,1190927
"KIAAEEGK","ECOLI",-4.87175792785421,32810,979893
"LGLTNTTFQTVHGLDAPGQFSTAR","ECOLI",-4.30352070964772,38891,783366.666666667
