"entry","species","logratio","sample1means","sample2means"
"VNQIGSVTEAIQA[57.021(C)]CK","HUMAN",4.60137873794795,321.278303989833,12.5581431037517
"LIAYVTGVQNVR","ECOLI",-4.60599672623869,1.78569052740722,41.2616337693394
