"entry","species","logratio","sample1means","sample2means"
"FLLELQISNNR","HUMAN",4.00713759222365,495.213530760249,31.2325069031887
"HAVSEGTK","HUMAN",-4.31934807330289,169.71464370037,3436.0193641903
"GAYTDFSC(UniMod:4)LLFAHLR","YEAST",4.69032285091219,1838.58877660305,72.2170412727897
"SGLPQAALNYIK","ECOLI",-4.05125417532952,45.8499398460668,770.851552241497
