"entry","species","logratio","sample1means","sample2means"
"VNQIGSVTESIQAC(UniMod:4)K","HUMAN",-5.53087415835189,100255.001585957,4482375.11123239
"VNQIGSVTESLQAC(UniMod:4)K","HUMAN",-5.53087415835189,100255.001585957,4482375.11123239
"LGDFNLIAK","YEAST",4.27429603018772,418065.633114232,20892.7822770546
"AALESTLAAITESLK","ECOLI",-4.06048910093264,63490.8221141528,1024431.89848113
"AGVPGIPPNSTLVFDVELLDVKPAPK","ECOLI",-4.86272108654737,14055.4298955725,395468.746076963
"AVEGSSFPQVALLVR","ECOLI",-5.56462350088984,22070.2826871836,1010112.18516017
"EC(UniMod:4)FEAYLPASVAWR","ECOLI",-4.11837100644576,17160.1059769458,288214.812886578
"GSALINDKR","ECOLI",-4.26110222785783,6594.0022967221,122267.717586423
"KHITAGAK","ECOLI",-4.59923862466846,24503.7835347834,574361.150052698
"MIHTLLGEENFQK","ECOLI",-4.25469568605812,46173.7160825231,852371.61355172
"QVPILQK","ECOLI",-5.01034592976044,89650.9562258511,2794232.02324419
"RTEQILALTGC(UniMod:4)DR","ECOLI",-4.40108423879609,61257.4963362749,1251586.11926668
"SKEHTTEHLR","ECOLI",-4.16558294800448,25265.2338000001,438461.902718349
"SNDLTVNC(UniMod:4)LTGK","ECOLI",-4.05417112564222,24197.6334281498,388725.593728291
"TYLAVAAAVDALER","ECOLI",-4.8019666208639,17022.7309290975,459206.843277242
