"entry","species","logratio","sample1means","sample2means"
"3/sp|Q03252|LMNB2_HUMAN/sp|P20700|LMNB1_HUMAN/sp|P02545|LMNA_HUMAN","HUMAN",4.01403013170304,537003.523677881,32070.5619127621
"1/tr|C8ZDA3|C8ZDA3_YEAS8","YEAST",4.26663942089137,723097.776548622,36247.9530612446
