"entry","species","logratio","sample1means","sample2means"
"1/sp|Q9UKN8|TF3C4_HUMAN","HUMAN",-5.29602816827135,105317.313473036,3999462.75435776
"2/tr|C8Z5D5|C8Z5D5_YEAS8/tr|C8Z3Z6|C8Z3Z6_YEAS8","YEAST",4.89226122993063,19877386.0420561,646964.48892624
