"entry","species","logratio","sample1means","sample2means"
"DYIM[Oxi]SPVGNPEGPEKPNKK","YEAST",4.62992624193156,2530958.88258527,98324.2915378044
"FGLAPLGC[CAM]GWVIWR","ECOLI",-4.5133191639773,41844.304090183,919185.596725235
"IIDGAELLIPMAGLINKEDELAR","ECOLI",-4.11516330798747,45208.7662091948,753585.720027797
"QANELPGAPSQEEAVIAFGK","ECOLI",-4.55279290027199,3179.04774503302,71770.6187059743
