"entry","species","logratio","sample1means","sample2means"
"ATATTAAATHTPR","YEAST",-5.23818070458695,88676.5609102698,3203014.4823224
"QLEQGVPGDNVGFNVK","YEAST",-4.019258697306,159003.584673614,2467316.64957821
"FGLAPLGC[+57]GWVIWR","ECOLI",-4.23626331829637,46268.9155756411,834511.248457369
