"entry","species","logratio","sample1means","sample2means"
"GPQVSSALNLDTSK","HUMAN",4.03768906783937,2932787.69096464,171909.965173714
"LNQALLDLHALGSAR","HUMAN",-4.69087883683851,17688.4851625687,439816.813365119
"QNVAYEYLC[+57]HLEEAKR","HUMAN",-4.13330332711338,130452.578073944,2203874.69822379
"RGNVC[+57]GDSK","HUMAN",5.93663782449437,1735007.0047132,27269.7479589601
"SPLGEVAIR","HUMAN",-4.07371751372921,45510.998282859,737757.235322136
"AASDAIPPASPK","YEAST",4.32181981252327,2028648.14208209,97655.1785016813
"ELEGIANPIMTK","YEAST",-4.05518593759507,152194.674419601,2435667.55587495
"GDADVLVDR","YEAST",-4.90391979131378,76281.5922635774,2198531.30166426
"GSC[+57]HVGGVVATNAGGLR","YEAST",4.77777584402806,519783.506704232,18241.250323899
"KAEAGVQGELAEIKK","YEAST",4.56186313420997,352602.754577454,14371.8941945871
"LHVPAEVIFNAK","YEAST",4.90078015848639,737572.980268359,23768.9019372017
"NPTVENFIEATNLLEK","YEAST",4.21492948959963,328772.434288994,17043.5924743501
"TPEEHETC[+57]SQLVDR","YEAST",4.4098947724276,500436.726057672,22663.3716145411
"VLIKDEAK","YEAST",-4.17605412293714,33902.9298949233,589984.682193176
"AAILSNEK","ECOLI",4.76325119741824,3498082.19595173,124003.651191757
"AELDALQAEIR","ECOLI",-4.82451269935028,16582.9548399081,452346.157021939
"FGLAPLGC[+57]GWVIWR","ECOLI",-4.35889850899842,60558.4943412941,1196245.22746997
"FVESVDVAVNLGIDAR","ECOLI",-5.57197263273687,86231.3651675224,3948954.31254344
"LMNLPAPNPEAPR","ECOLI",-4.22686717853827,37772.2860242352,680883.842056376
"RGFEMDFAELLLEDYK","ECOLI",-4.13534426018119,124310.742948052,2103087.1838079
