"entry","species","logratio","sample1means","sample2means"
"AVIEHNLLSASK","HUMAN",4.34345553520408,471213.815410585,23618.5615531393
"C[CAM]PEALFQPSFLGMESC[CAM]GIHETTFNSIM[Oxi]K","HUMAN",4.13408182314179,5637558.34108864,326703.845264773
"C[CAM]PEALFQPSFLGM[Oxi]ESC[CAM]GIHETTFNSIMK","HUMAN",4.73487411283787,7661227.56205347,292755.497282162
"GMGGAFVLVLYDEIKK","HUMAN",-4.10083125844043,5388.56997036161,94078.974030183
"LLPEQLIK","HUMAN",-5.73027516945313,548263.570476789,29615558.6665495
"VETGVLKPGM[Oxi]VVTFAPVNVTTEVK","HUMAN",5.47835071725365,9720410.26420182,221861.800330774
"AAAPTVVFLDELDSIAK","YEAST",6.6852814722157,342165.458223389,3383.07591027141
"IVIPLFNK","YEAST",-5.63514845710743,73683.8506013693,3726205.98497058
"KVSDVLNASR","YEAST",-4.04869884181389,41706.5716209096,702312.043952404
"SAYLAAVPIAAILIK","YEAST",4.19793468977387,429262.400207667,23799.3128641929
"VINATPTMVIPPLILVR","YEAST",4.32934343455569,93910.7904336524,4753.34230769931
"ASYSGFTLVLDSQQVEEGKR","ECOLI",4.82578167573317,769172.913262932,27597.1843815112
"DKPLGAVALK","ECOLI",4.01860473996475,746782.849623593,46883.4538542482
"EAFPGDVFYLHSR","ECOLI",-4.6986637973438,39889.3284948858,1054001.66768454
"LVHTLNGSGLAVGR","ECOLI",-5.14312660422505,57081.7761253988,2052478.83506359
"MKPTTISLLQK","ECOLI",-4.44728702475711,13177.3793795051,292510.643632988
"NEPSGSLHGLMR","ECOLI",-4.16085505095668,11384.926607225,207213.593991501
"SADAAGVHAVIVPK","ECOLI",4.34274201258895,821858.289645032,41214.227202881
