"entry","species","logratio","sample1means","sample2means"
"1/tr|C8Z6V2|C8Z6V2_YEAS8","YEAST",-4.03904030392318,28585.4656339902,476137.644375406
"1/tr|D3UF30|D3UF30_YEAS8","YEAST",4.44179007822247,695632.604211682,32432.6805213407
"1/sp|P0A7A7|PLSB_ECOLI","ECOLI",-4.45559890919096,6313.89929610162,140372.33818916
"1/sp|P45470|YHBO_ECOLI","ECOLI",-4.89661044735562,26531.5193894964,800762.462122559
