"entry","species","logratio","sample1means","sample2means"
"C[CAM]PEALFQPSFLGM[Oxi]ESC[CAM]GIHETTFNSIMK","HUMAN",4.83585867561337,6829833.77527382,241227.622683427
"HHEEEIVHHKK","HUMAN",4.25593182934508,38856.4273302231,2051.42264692396
"VETGVLKPGM[Oxi]VVTFAPVNVTTEVK","HUMAN",6.11075250425757,8003375.01841285,116817.736391655
"AAAPTVVFLDELDSIAK","YEAST",7.10872099531464,201481.715362196,1472.49154018507
"DIYGWTQTSLDDYPIK","YEAST",5.6536929682441,243266.685691333,4874.23975604398
"DTTLDVLLK","YEAST",-4.0864367400692,7731.14926236181,132476.703062238
"FSAETLSELIR","YEAST",4.41360128569456,202170.71444759,9568.57552268507
"KLSQLVK","YEAST",5.84527305661808,853798.726530557,14979.8822256936
"LGFTFSYPVDQTSLNSGTLIR","YEAST",4.49076045424407,209430.13992843,9395.95659551197
"SAYLAAVPIAAILIK","YEAST",4.89181751662273,432623.350449324,14698.7894721539
"VFGLNNIQAEELVEFSSGVK","YEAST",4.08757122935607,413034.784719434,24505.3267653345
"VFLVGSGAIGC[CAM]EMLK","YEAST",4.11279493523944,357807.48546918,20860.7635000153
"YNAFIASEVLIK","YEAST",4.34419794489315,1061432.25313294,52712.5238720973
"AADGSTVAQTALSYDDYR","ECOLI",-4.09310633566958,1664.18675188311,28648.7225794892
"AAFDFAVEHQSVER","ECOLI",-4.47520530858367,9300.36878472542,208653.956175043
"AANAGGVATSGLEMAQNAAR","ECOLI",-4.40404339029105,7507.58717261557,160326.372096443
"AFVEYLNK","ECOLI",-4.62993496444605,139330.866623297,3479782.17974558
"ASYSGFTLVLDSQQVEEGKR","ECOLI",4.52533779882117,1044074.1089112,45732.4351611541
"DKPLGAVALK","ECOLI",4.29264901545539,662697.424131954,34107.8690610903
"EAFPGDVFYLHSR","ECOLI",-4.5693711409579,33542.5751349991,803284.884881911
"LYKEDLIYR","ECOLI",-4.58983128873958,5471.61591707978,132907.018706419
"MKPTTISLLQK","ECOLI",-4.98463919132069,8217.07532579582,262421.009224941
"SPLLPQLGLGADYTYSNGYR","ECOLI",-4.74491260943056,2410.5011716623,65196.4259114463
"VFM[Oxi]QPASEGTGIIAGGAMR","ECOLI",-4.28225140611468,9383.0397726253,184155.671495337
"YEGFGPNGSMIIAETLTSNVNR","ECOLI",-4.38216355292026,6552.93467283781,137833.229763481
