"entry","species","logratio","sample1means","sample2means"
"HAVSEGTK","HUMAN",-4.2120591272653,18.2232370370816,324.031272781202
"IQLQIQETLQR","HUMAN",4.26868987664954,52.8479011611688,2.6304455154859
"DEGLHTDFAC[CAM]LLFAHLK","YEAST",5.3440743538884,206.259059897337,4.87182428556666
"VDIGQIIFSVR","YEAST",5.3114862775927,263.248115945832,6.35995206162374
