"entry","species","logratio","sample1means","sample2means"
"1/tr|C8Z6V2|C8Z6V2_YEAS8","YEAST",-4.04320043431094,12.3657331466449,201.77112249935
"1/tr|D3UF30|D3UF30_YEAS8","YEAST",4.43437428890276,300.154437810451,13.739775180987
"1/sp|P0A7A7|PLSB_ECOLI","ECOLI",-4.45064147102623,2.74073768325873,59.3141873386533
"1/sp|P45470|YHBO_ECOLI","ECOLI",-4.89776859107177,11.4646837681804,338.260953300698
