"entry","species","logratio","sample1means","sample2means"
"STA5B_HUMAN","HUMAN",-4.02086960103707,736628,11543741
"C8Z799_YEAS8","YEAST",4.28270058851809,10883966.3333333,539836
"C8ZGB0_YEAS8","YEAST",-4.92377729995005,377054,11048522.5
"CPXA_ECOLI","ECOLI",7.42929591667719,79172657,443435.333333333
"LPXA_ECOLI","ECOLI",5.20386486528393,29800045,780537
