"entry","species","logratio","sample1means","sample2means"
"EAIDALNGMLLNGQEIYVAPHLSR","YEAST",5.47067554896457,78697.7020515544,1762.89119839034
"TADQGTNIQTPAQMAK","ECOLI",-4.09553262391447,2928.54003378923,49731.3476646953
