"entry","species","logratio","sample1means","sample2means"
"AILVDLEPGT[15.995(M)]MDSVR","HUMAN",5.43997658905412,796069.374112633,17693.8035376
"GITFDSGGISIK","HUMAN",-4.06578493823841,6309.9225851,101956.206168867
"I[15.995(M)]MGIPEEEQMGLLR","HUMAN",4.23212988218788,1291094.72688425,66286.7125177
"NDIAINELMK","HUMAN",-5.61814883607686,144195.825398333,6833613.63428915
"TSDIFGSPVTATSR","HUMAN",4.44846344031174,410687.057600667,18149.1587757
"TSTPEDFIR","HUMAN",5.064065775737,164643.4439473,4748.7046259
"[57.021(C)]C[15.995(M)]MPTFQFFK","HUMAN",-7.16434677945193,78028.37258585,10799465.0297728
"TASGNIIPSSTGAAK","YEAST",4.04494007380178,43366406.6079365,2534962.6105027
"VVSLPDFYTFDR","YEAST",-4.57750441501577,76629.7814974,1765347.2073654
"EYFAPLAEATR","ECOLI",-5.51929017680627,25499.8933336,1128435.3307601
"LGTSTVSPIELENAVR","ECOLI",-4.04798503114654,15156.8243539,241902.049344933
