"entry","species","logratio","sample1means","sample2means"
"TVTSLDVVYALK","YEAST",-4.12303925284276,211002.943902433,3683108.3179977
"AVAAGMNPMDLK","ECOLI",-4.41069948739067,54967.8823135,1171195.35597597
