"entry","species","logratio","sample1means","sample2means"
"VFGLNNIQAEELVEFSSGVK","YEAST",5.64868607802665,41.5927564458613,0.771806298534144
"VGLFSYGSGLAASLYSC[CAM]K","YEAST",6.06852570415396,21.3222319008546,0.29575967275146
"VINDAFGIEEGLM[Oxi]TTVHSMTATQK","YEAST",6.98848409254391,50.0657099956723,0.367038485600622
"YNAFIASEVLIK","YEAST",4.41757516985128,111.113636551725,4.84015520822006
