"entry","species","logratio","sample1means","sample2means"
"SLDVNQDSELK","HUMAN",4.46196841906155,6.39445476597941,0.271055186413505
"WGTLTDC(UniMod:4)VVMRDPQTK","HUMAN",4.4735857371923,17.2622925765725,0.725864428362628
"DIPVPEPKPNEILINVK","YEAST",4.41937305928224,21.59642990619,0.942884827024119
"HVDELLAEC(UniMod:4)ANVDK","YEAST",4.41133768815946,56.306890149787,2.47204921380806
"IFLGGGLPLK","YEAST",5.3210823021673,16.4043762855249,0.383349477927671
"LPNC(UniMod:4)PRPN","YEAST",4.67386617039944,37.701326740301,1.37982260813244
"SVLSFPPLVAPTK","YEAST",4.65318318200896,38.9414478290691,1.44578900324489
"TVAVLPPNWK","YEAST",4.89099872624432,160.855571738023,5.06453199548329
"DAGLNIAPFITLTR","ECOLI",-4.04086376402627,0.792255222003488,12.1822314856517
"FDPEFEK","ECOLI",-6.95343698930592,0.330450638163521,38.2595834645398
"IIAADNGDAWVEVK","ECOLI",-5.28988467442034,1.32149893117238,48.2971287316328
"IVDEIGLPR","ECOLI",-4.69553415613027,11.8059102402338,285.78316357813
"IYQLKPNPAVLIC(UniMod:4)R","ECOLI",-5.25689558788446,5.08828695609705,181.758775173555
"MFLAQEIIR","ECOLI",-4.15962813807904,1.64043924475075,27.3888329224361
"PGYTLYDLSER","ECOLI",4.67343586260675,229.428745240361,8.39931730943201
"TPEYDELFSGDPIWATESIGGMGLDGR","ECOLI",-4.05752086740928,2.61421078791864,40.6646114977244
