"entry","species","logratio","sample1means","sample2means"
"2/tr|C8Z5D5|C8Z5D5_YEAS8/tr|C8Z3Z6|C8Z3Z6_YEAS8","YEAST",-4.95278190258738,347.128946831364,10463.3763492492
"1/sp|P0AED0|USPA_ECOLI","ECOLI",-4.14889491886113,65.7488782302661,1135.20754265769
