"entry","species","logratio","sample1means","sample2means"
"LLLPGELAK","HUMAN",-5.60108899864146,192.197237983054,8684.75848239036
"LGTSWLEDAGAIVK","YEAST",-4.75074505756712,3.04432583376699,76.2996776969329
"LILPGELAK","YEAST",-5.1122960328069,192.179202241489,6188.3610661123
