"entry","species","logratio","sample1means","sample2means"
"LLSNFFAQTEALAFGK","ECOLI",-4.18958466917765,4.43347888260036,74.906093993672
"MIQEQTMLNVADNSGAR","ECOLI",-4.67697571665833,8.68773497423632,205.777741294012
