"entry","species","logratio","sample1means","sample2means"
"C(UniMod:4)PEALFQPSFLGM(UniMod:35)ESC(UniMod:4)GIHETTFNSIMK","HUMAN",4.76052786465874,27756.9737618774,1044.06437728687
"C(UniMod:4)PEALFQPSFLGMESC(UniMod:4)GIHETTFNSIM(UniMod:35)K","HUMAN",4.14466037855191,20455.0835970702,1179.10100284353
"M(UniMod:35)SVQPTVSLGGFEITPPVVLR","HUMAN",4.36118831755694,21774.7313198272,1080.24222799237
"M(UniMod:35)TDQEAIQDLWQWR","HUMAN",4.02572710607816,8740.32968875322,547.116795707932
"MGIEILSFTIK","HUMAN",4.75997598417353,3014.66134703701,113.438331087119
"AIEPETFTQLVSSSLYER","YEAST",5.77085093744238,1051.29826736061,19.6310514721627
"EALDFFAR","YEAST",9.1153076503641,85664.5829804808,157.484250679479
"GVMNAVNNVNNVIAAAFVK","YEAST",6.22799857539154,24082.8253744471,327.574357773121
"LVAAPLYVLTTQALDK","YEAST",5.60369667988383,1379.36764685416,28.9211856919225
"M(UniMod:35)SANISETTAMITDIATAPAEIDR","YEAST",5.6055675068663,25120.2723788902,526.013908523042
"QLEQGVPGDNVGFNVK","YEAST",4.85435824832299,5493.1983616713,193.613076176256
"SVGFGLVYNSVAEAK","YEAST",5.44816808657242,3576.40792797805,83.5221911497249
"VLQQSISEIEQLLSK","YEAST",5.12014137233107,712.616636725586,20.8908767964054
"AAIELFR","ECOLI",4.99087918641355,4427.82021168416,141.971929355328
"AANAGGVATSGLEMAQNAAR","ECOLI",-4.1679680412701,44.0761966474199,807.800949284905
"AVGDGVAVKPTDK","ECOLI",-4.19207580760397,41.1544484367754,766.962612149882
"EQMSAAGFTLAGADHAIIPVMLGDAVVAQK","ECOLI",-4.18645201495995,33.0695883160901,613.89382663813
"IGIQVLQR","ECOLI",4.32469852303724,1581.25839285783,80.4554951143296
"ILSVSQQSLER","ECOLI",4.23322525864276,3168.50969267187,171.76872995745
"LVHTLNGSGLAVGR","ECOLI",-5.27659630089343,188.431671892138,7447.0541003345
"QGVLLLNTVLTVR","ECOLI",5.26843624051402,3777.07631775527,99.911451228065
"SADAAGVHAVIVPK","ECOLI",4.43017302971754,2904.62872363137,137.370192111893
"SPLLPQLGLGADYTYSNGYR","ECOLI",-4.13560370610463,19.4530174352441,348.613810216735
"VALAQAQGQLAK","ECOLI",4.31977502808941,1709.9919934722,87.3029793139013
