"entry","species","logratio","sample1means","sample2means"
"1/tr|C8ZH60|C8ZH60_YEAS8","YEAST",4.08075742408396,32948.7710521292,1986.88834295752
"2/tr|C8ZBG4|C8ZBG4_YEAS8/tr|C8ZBG2|C8ZBG2_YEAS8","YEAST",4.07222206653343,8314.81935844433,504.378375248213
"1/sp|P39342|YJGR_ECOLI","ECOLI",-5.02595160485836,112.240862014355,3731.45161095504
