"DIAumpire.HUMAN"	"OpenSWATH.HUMAN"	"PeakView.HUMAN"	"Skyline.HUMAN"	"Spectronaut.HUMAN"
"iteration.1"	0.0656657096839153	0.0480600750398391	0.0555502577475403	0.0528976508437196	-0.0286618101006355
"iteration.2"	NA	0.0549041316304977	0.0573119669792821	0.0465506955258539	-0.0193552793617081
