"DIAumpire"	"OpenSWATH"	"PeakView"	"Skyline"	"Spectronaut"
"peptides.iteration.1"	12.4774352620918	11.4683421942749	11.6393677556091	11.438927095966	11.8175000402689
"peptides.iteration.2"	NA	12.0291711056903	11.2939486282113	11.3677729844194	12.415652210273
"proteins.iteration.1"	10.2250933420419	9.65385469193951	10.0538680744892	9.8894660849934	10.298225359779
"proteins.iteration.2"	NA	10.4850819718064	9.73107251534942	9.67168180350692	10.6827990530131
