"entry","species","logratio","sample1means","sample2means"
"C[+57]LEDLTSR","HUMAN",4.91174347149483,6223686.33333333,198874.666666667
"C[+57]LFTLLGHLDYIR","HUMAN",4.11497312414578,1021895,56727
"DQNILLGTTYR","HUMAN",-5.11781716155855,54742,1828315
"MADEAILQER","HUMAN",-4.38615638993337,136190,2739200
"EQSLDGIFEETK","YEAST",-4.19769481688734,187521,3309755
"EVYDFLASATAK","YEAST",4.36031182066553,3712534,173860
"FNNSNNSIPR","YEAST",-4.49679747678148,42280,918163
"IFDQNFNPSGIR","YEAST",-4.32160371786954,125298,2409852
"IPSIALGTYDIPR","YEAST",4.21702958235093,430565.5,22269
"KIDVSQYGVIMAGAQK","YEAST",-4.82741550805886,219059,5982350.5
"LQAITFAEAAK","YEAST",-6.56373966531909,120524,10966548
"SFDVPPPPIDASSPFSQKGDER","YEAST",4.16854074965552,1723414,92182.3333333333
"TSVLYPDSYK","YEAST",4.29759599367865,3348249.5,163767
"AFNPWPMSWLEIEGQPVK","ECOLI",4.51472752187456,1145929,48217.3333333333
"AFTDFFAR","ECOLI",5.03856948327671,14896765.5,435958.666666667
"AGQLNPDTR","ECOLI",-4.45497581298672,72194,1522987.5
"AVYEAIGFVAKP","ECOLI",4.15234605107872,3247417,175659.333333333
"AYGLFSEESELAQTLR","ECOLI",4.04340249971112,1767564,103110.666666667
"EMGTGLVVTELMGQGVSAITGDYSR","ECOLI",4.2091554509452,2367902.33333333,123139
"FTPESVSR","ECOLI",5.5433923187533,12707951,262097
"GEREPVTEAER","ECOLI",-4.02369404531008,45831,717011
"GITEPTPTFSAC[+57]FGAAFLSLHPTQYAEVLVK","ECOLI",4.54510764054603,2244196,92461.5
"ITNTEGGSFNSHYGVK","ECOLI",5.77674410169313,4402352,77237
"LDRIDELMQK","ECOLI",-4.59107931173852,69742,1616817
"LGMSMDNVVVTLDR","ECOLI",6.15572385453111,9879012,133281.5
"LLNEMAQQR","ECOLI",-5.61373576491673,66556,3134757.5
"NILGDVFHR","ECOLI",-5.03997791789335,55521,1756935
"VTALPAIADDSGLAVDVLGGAPGIYSAR","ECOLI",4.92576969709432,4714252,149184
"VTVKDAIAADQLFTTLMGDAVEPR","ECOLI",4.51711326275195,2342174.5,98389
"YNANDNPTK","ECOLI",-5.54078374852471,26510,1187041
