"entry","species","logratio","sample1means","sample2means"
"IIIPEIQK","HUMAN",-4.97585869466726,2067032,63677814.6666667
"AFTDFFAR","ECOLI",6.18681177355343,34079444.6666667,457967.666666667
"DQAANWIIATYQQLSGK","ECOLI",4.43931144895696,1716597,77457
"GMDVLEFGGIEPNPAYETLMNAVK","ECOLI",4.4499353784459,2383771,106772.333333333
"IIDGAELLIPMAGLINKEDELAR","ECOLI",-4.7103216617497,45513,1166384.66666667
"LGANPVPLQLAIGAEEHFTGVVDLVK","ECOLI",-4.06055884375189,40846,667202.666666667
