"entry","species","logratio","sample1means","sample2means"
"RL34_HUMAN","HUMAN",-6.58723566172612,33448.0097133333,3115227.08937333
"AT1A4_HUMAN","HUMAN",-4.97894158628033,17531.80665,535551.628057333
"C8Z5D5_YEAS8","YEAST",-5.44357167764338,3307291.30866667,139416673.266667
"C8Z985_YEAS8","YEAST",-4.24681000601711,3867.29587866667,71119.4689966667
