"entry","species","logratio","sample1means","sample2means"
"DTDIVDEAIYYFK","HUMAN",-4.54584416284956,191427,4370742
"IIIPEIQK","HUMAN",-4.97799037529641,2067032,63677814.6666667
"SQMLAMNIEK","HUMAN",4.73754990058935,29582532,1083945
"STQAPLIIRPDSGNPLDTVLK","HUMAN",4.19057499291603,11124167,595518.5
"AGQTGTAHTLFTEQEK","YEAST",-5.61356388090564,256533,12277526.5
"DESTLEPLLNWC[+57]LK","YEAST",-4.13235285005263,145053,2486597
"ELAAQSLSLAPQILVEK","YEAST",-4.57276131011376,421661.333333333,9808862
"HVGDMGNVKTDENGVAK","YEAST",-5.32208530773252,103521,4048110
"MLHDLAK","YEAST",-5.06849216932539,829916.5,27221942
"AFTDFFAR","ECOLI",6.18468009292428,34079444.6666667,457967.666666667
"AIAQVGTISANSDETVGKLIAEAMDK","ECOLI",4.16431325807035,1395707,76090
"AIGDQWVVTSGLQAGDR","ECOLI",4.39559493912233,1515978,70405
"AVAIENLK","ECOLI",-4.07660001990187,178533,2944516
"AVEIGSFLLGRDPK","ECOLI",-4.27884875907607,301684,5724408.66666667
"DQAANWIIATYQQLSGK","ECOLI",4.43717976832781,1716597,77457
"GLPEGAEIAVQLEGER","ECOLI",4.28840815547226,8820694,441245
"GMDVLEFGGIEPNPAYETLMNAVK","ECOLI",4.44780369781675,2383771,106772.333333333
"HVFGNPLIQQPLMR","ECOLI",4.97788601136478,15954056,494874
"KPDAALVDFLC[+57]ENADVITK","ECOLI",-4.05401573262055,140641,2283541
"LGANPVPLQLAIGAEEHFTGVVDLVK","ECOLI",-4.06269052438105,40846,667202.666666667
"LLIDIC[+57]GGEAGPVIDITNEATLPK","ECOLI",-4.63892265146936,59919,1459271
"TLNDAVEVK","ECOLI",-4.27591348400895,216349,4096846
"VGVENLVNAVPQLK","ECOLI",-5.54106326553943,391775,17831156
"VLGC[+57]QAVTC[+57]VAR","ECOLI",4.95261274851148,1747211.5,55154
"VVGDHMGMLATVMNGLAMR","ECOLI",-4.19259092578128,88983,1590447
