"entry","species","logratio","sample1means","sample2means"
"GNPI2_HUMAN","HUMAN",4.64225138626198,8748159.66666667,337931
"C8ZE06_YEAS8","YEAST",4.44221857023174,7993174.33333333,354688
"GLO2_ECOLI","ECOLI",-4.59774899605564,314576.5,7347758.66666667
"RCSD_ECOLI","ECOLI",-4.19767954101619,475954,8424821
