"entry","species","logratio","sample1means","sample2means"
"C[+57]LEDLTSR","HUMAN",4.61994798264388,2117793,87797.6666666667
"SLDLFNC[+57]EVTNLNDYRESVFK","HUMAN",-4.97637553375908,46165.5,1481488.33333333
"VHGPGIQSGTTNKPNK","HUMAN",4.07211578730768,162856,9870
"ALATESGINFLAVK","YEAST",4.46722716567908,1290380,59469
"AVKELYEVDVLK","YEAST",6.23944012447058,11141375,150322
"AVNGNPDR","YEAST",-4.30713394099273,57428,1158891
"EALDFFAR","YEAST",-8.36762950123927,16623,5597051
"GKPDTQVTKDEEPAR","YEAST",4.57961450175932,190863.666666667,8137
"GSGSTFIYGYC[+57]DK","YEAST",-4.02913526444809,58178.3333333333,968265
"IQQLLTDEGVLGK","YEAST",-4.07186888362155,59563.6666666667,1021124
"KAVSIETALEHK","YEAST",5.41278263992535,1355694.33333333,32441
"KELDALK","YEAST",-5.43473810621584,107383.666666667,4734780
"KLEGLQK","YEAST",-5.05242115406963,109754.333333333,3712738.66666667
"KLENAIK","YEAST",-4.56928222106703,111621,2701340.33333333
"KQYPVEEFKLPK","YEAST",4.23456800202968,1154991.33333333,62544.5
"SPIKVVGLSTLPEIYEK","YEAST",4.10972788378381,996764,58855
"TGDGSAHISK","YEAST",-4.29556057964867,15221,304704
"VFEDIPIEEAEK","YEAST",-5.43635363344164,70190,3098297.66666667
"YESATASALAN","YEAST",-5.21194351309293,59443.6666666667,2245946
"YLTDKDAFETHYR","YEAST",-5.35991529032726,47986.6666666667,2008899.66666667
"AAIQSLPR","ECOLI",5.39178563309629,7583007.66666667,184117.333333333
"AFTDFFAR","ECOLI",4.7563570656546,5251453.66666667,198068.666666667
"DGDHYATLNTAQKK","ECOLI",-4.11154422901865,5111,90063
"DSLPEGVYNDQFKK","ECOLI",-4.23140702508881,9986,191211.666666667
"ELSQGTYLGHITR","ECOLI",-4.05234246226937,32338.5,546939
"GITEPTPTFSAC[+57]FGAAFLSLHPTQYAEVLVK","ECOLI",-5.11945684825667,17099,605931
"HGAVSVMQYR","ECOLI",-4.37954423980573,40319.3333333333,855519.5
"KIAAEEGK","ECOLI",-4.13848739684407,38286.6666666667,687383
"KPLGIPAFLAIR","ECOLI",-4.507245502837,5581,129381
"LGLTNTTFQTVHGLDAPGQFSTAR","ECOLI",-4.30446669550216,38891,783366.666666667
"LLASDIPLVVIETSR","ECOLI",-4.75910439136022,21727,599757
"LLPNFIFVANIESK","ECOLI",-4.23855121137705,19259,370601.5
"LVENLFSR","ECOLI",-4.96492628467744,46428,1478135
"TTGTLADGC[+57]DVSRPGNLTYEIVR","ECOLI",4.34865475053728,288103,14415
