"entry","species","logratio","sample1means","sample2means"
"SLDVNQDSELK","HUMAN",4.46122046742478,8.59232922777801,0.356107791288815
"WGTLTDC(UniMod:4)VVMRDPQTK","HUMAN",4.46837467281394,23.2041246533368,0.956934309438182
"DIPVPEPKPNEILINVK","YEAST",4.41909519306758,29.0289190086073,1.23874638826895
"HVDELLAEC(UniMod:4)ANVDK","YEAST",4.40896431260153,75.7015585481368,3.25316474646163
"SVLSFPPLVAPTK","YEAST",4.6533213464118,52.3583837280292,1.89945352246373
"TVAVLPPNWK","YEAST",4.88652865369053,216.334550776884,6.67676254456735
"DAGLNIAPFITLTR","ECOLI",-4.04440014698912,1.06573674119909,16.0534153148978
"FDPEFEK","ECOLI",-6.95699951227138,0.444031708807534,50.3629617324522
"IIAADNGDAWVEVK","ECOLI",-5.29171469988336,1.77711038496065,63.5493338286016
"IVDEIGLPR","ECOLI",-4.69628210776704,15.863786879435,375.457162491201
"IYQLKPNPAVLIC(UniMod:4)R","ECOLI",-5.25972872521871,6.84154135115152,239.288493751326
"MFLAQEIIR","ECOLI",-4.16279059898129,2.20524019963837,36.0589005706748
