"entry","species","logratio","sample1means","sample2means"
"EQFLDGDGWTSR","HUMAN",4.31741212323249,140.06661838995,6.4989077300094
"TLNEADC(UniMod:4)ATVPPAIR","HUMAN",4.41951051235456,45.8953753753521,1.98399227112343
"NLIVTNAAGGINAK","YEAST",5.24575527848413,6.14026412249225,0.149704082524219
"DVIILLDSITR","ECOLI",-4.03433634262545,1.44539091774884,21.9087627927933
"FGLAPLGC(UniMod:4)GWVIWR","ECOLI",-4.0925190729834,4.670180704674,73.7022869508237
"HNDLENVGYTAR","ECOLI",-7.68046244811534,0.0729674191624302,13.8469729296329
"IM(UniMod:35)IDLDGTENK","ECOLI",6.99578667293391,107.765261127357,0.781112223119416
"KYDIPVVM(UniMod:35)DSAR","ECOLI",-4.95442268069178,0.92694076087157,26.5863120708243
"LAVMVLR","ECOLI",-8.46955788791779,0.0480793072000509,15.7661427852801
"QQVEGASAMGQMFR","ECOLI",4.29286929703347,53.5003904965837,2.5249385096844
"SAIGLGLLLSEGIGDTLR","ECOLI",-5.10889417544383,0.242415762639466,7.73869137788179
"YHVSNYQPSPMVR","ECOLI",-4.12271472382595,2.13951749991064,34.4788616361774
