"entry","species","logratio","sample1means","sample2means"
"AAIAEEQILNK","YEAST",4.60864691757488,50.5530169149242,1.89567408907844
"HSNVVAGVGGASLNVLK","YEAST",4.4890865135191,23.0492724394839,0.93899890219301
"QLVVGGLDR","YEAST",-4.02914609673233,5.97070241194632,89.18191935093
"DKQDLIFGC(UniMod:4)EQGVDFVAASFIR","ECOLI",-4.03298478734379,1.41231145924513,21.1513179141706
"EAFPGDVFYLHSR","ECOLI",-5.50945317139007,2.28127824917645,95.0706538954376
"ELTLWESR","ECOLI",-4.29986369933492,2.38136541205126,42.911287896234
"FGLAPLGC(UniMod:4)GWVIWR","ECOLI",-4.74030284355923,3.26513589148395,79.842138805063
"GIPVFNAPFSNTR","ECOLI",-7.25068099453907,0.129376907142041,18.0254779968406
"IPLLQNGTFDFEC(UniMod:4)GSTTNNVER","ECOLI",-7.97230910297831,0.170165685748398,39.0961254802283
"IYDLVEAITGFR","ECOLI",-4.42813809202825,0.592393276790772,11.6672920375464
"KALTEANGDIELAIENMR","ECOLI",-4.62424264501067,2.4119097233373,54.4194751231859
"LLVSELSGVEPK","ECOLI",-5.5910565683808,0.980113000941161,43.2224560680632
"MIHTLLGEENFQK","ECOLI",-4.93340966762009,2.20246301737586,61.5701869858976
"SM(UniMod:35)QDPIADMLTR","ECOLI",-6.11712012301837,0.177332335035305,11.2611341938305
"TLVAVMENYQQADGR","ECOLI",-9.46363040046616,0.0372834929448738,24.0830101294592
"VLYAMNVLGNDWNK","ECOLI",-6.42510277016027,0.280741515251571,22.0705347377288
"WLAQGTIYPDVIESAASATGK","ECOLI",-5.00638771259005,0.446445928339899,13.1280219708161
"YDMDLVVC(UniMod:4)GHHQDFWSK","ECOLI",-5.12710814852552,0.17335230907702,5.54243401796143
"YLDEHGIVVEK","ECOLI",-4.35907708770985,1.01748882882891,19.1029378844969
