"entry","species","logratio","sample1means","sample2means"
"1/sp|Q9HCS7|SYF1_HUMAN","HUMAN",4.77531056468921,99.8483317902422,3.69573889311793
"1/tr|C8Z8P9|C8Z8P9_YEAS8","YEAST",4.12024380574351,54.74987205794,3.19108460894474
"2/sp|P09373|PFLB_ECOLI/sp|P68066|GRCA_ECOLI","ECOLI",-5.84538768907156,31.9493832232234,1861.96577946088
