"entry","species","logratio","sample1means","sample2means"
"1/tr|C8Z4X5|C8Z4X5_YEAS8","YEAST",4.26785289662209,108.589401300127,5.84333361628775
"1/tr|C8Z5S7|C8Z5S7_YEAS8","YEAST",4.08952340751767,184.995806136509,11.2646486936214
"1/tr|C8ZC34|C8ZC34_YEAS8","YEAST",4.60135155185148,664.178396634747,28.3638310889135
"1/tr|C8ZHA7|C8ZHA7_YEAS8","YEAST",-5.89704189413848,3.17324379833598,196.026559892186
"2/sp|P09373|PFLB_ECOLI/sp|P68066|GRCA_ECOLI","ECOLI",-4.34095890170969,7.26996011594181,152.727010292216
