"entry","species","logratio","sample1means","sample2means"
"HACD2_HUMAN","HUMAN",4.64193163940353,50170.77123,2004.861135
"H2AZ_HUMAN","HUMAN",-7.3274671766895,20032.5107676667,3210088.2978
"PCP_HUMAN","HUMAN",6.70661861806566,1339659.10033333,12796.615068
