"DIAumpire.HUMAN"	"OpenSWATH.HUMAN"	"PeakView.HUMAN"	"Skyline.HUMAN"	"Spectronaut.HUMAN"
"iteration.1"	0.00212014628565507	-0.00873437473060388	-0.00594314824916538	-0.00362859610952161	-0.0153332723982006
"iteration.2"	NA	0.000336669462191067	-0.00585607204094766	0.0606165618278271	-0.00590818370337166
