"DIAumpire"	"OpenSWATH"	"PeakView"	"Skyline"	"Spectronaut"
"peptides.iteration.1"	10.5754117857184	9.72842328014589	10.498209204628	10.0444023757677	10.4426509872559
"peptides.iteration.2"	NA	10.4645139192627	9.79230880377291	9.67161558700431	11.2286007983721
"proteins.iteration.1"	8.19812529832555	7.79728130122223	8.53397586580679	8.15956497446703	8.70646241187553
"proteins.iteration.2"	NA	8.51316733905484	7.98121726420585	8.43390462381489	9.25288689563499
