"entry","species","logratio","sample1means","sample2means"
"TFFVGGNFK","YEAST",4.92942629000485,4474700.2814073,141553.0162158
"KYDIPVVM(UniMod:35)DSAR","ECOLI",-4.05574439149989,31445.0105697,504095.4910194
"LLVSELSGVEPK","ECOLI",-4.42352080516795,29139.2620281,602769.6107013
