"entry","species","logratio","sample1means","sample2means"
"C[+57]LEDLTSR","HUMAN",5.4818587091489,9244569.5,198874.666666667
"DVSSVELLMNNHQGIK","HUMAN",-4.71021670615418,225615,5677814
"LAEIIWQNR","HUMAN",-4.75345292854037,420188,10896129
"DESLLADELR","YEAST",-6.68160628028457,103344,10198724.3333333
"SFDVPPPPIDASSPFSQKGDER","YEAST",4.3730902136106,1986929,92182.3333333333
"TFIAVKPDGVQR","YEAST",4.20251562588999,3401313.5,177607
"AFTDFFAR","ECOLI",5.31773399406413,14896765.5,359080
"EMGTGLVVTELMGQGVSAITGDYSR","ECOLI",4.20843390263236,2367902.33333333,123139
"FLWFIESNIE","ECOLI",4.72475587800008,1016604.5,36962
"GAFSWVTR","ECOLI",-4.48796318649639,87632,1890475
"VTVKDAIAADQLFTTLMGDAVEPR","ECOLI",4.51639171443911,2342174.5,98389
