"entry","species","logratio","sample1means","sample2means"
"C[+57]LEDLTSR","HUMAN",4.11592412108102,1573944.5,92652
"GTFIAWDLPTGEK","YEAST",5.02727491176605,2941369,92060
"IQQLLTDEGVLGK","YEAST",-4.0633745954934,59841,1021124
"KLEGLQK","YEAST",-4.96905324723912,109754.333333333,3508631.5
"KLENAIK","YEAST",-4.76450067222808,111621,3096603
"QIVNIPSFMVR","YEAST",-4.07100480977435,50194,861050
"VFEDIPIEEAEK","YEAST",-5.40097112120516,70190,3026994
"AFTDFFAR","ECOLI",4.32425117028937,3887434.5,198068.666666667
"IIAGNIINFSR","ECOLI",-4.60773597724259,47856,1190927
