"entry","species","logratio","sample1means","sample2means"
"RGNVC[+57]GDSK","HUMAN",5.79277714523951,2344299,41082.6666666667
"ATATTAAATHTPR","YEAST",-4.81540440433909,148533.5,4063038
"FGLAPLGC[+57]GWVIWR","ECOLI",-4.18112042490282,69448,1223905
