"entry","species","logratio","sample1means","sample2means"
"C[CAM]PEALFQPSFLGM[Oxi]ESC[CAM]GIHETTFNSIMK","HUMAN",4.83585867561337,11166173.8218839,394385.815841465
"HHEEEIVHHKK","HUMAN",4.25593182934508,63526.8201163908,3353.89448871085
"VETGVLKPGM[Oxi]VVTFAPVNVTTEVK","HUMAN",6.11075250425757,13084809.9028205,190986.661308009
"AAAPTVVFLDELDSIAK","YEAST",7.10872099531463,329404.774653598,2407.39336123899
"DIYGWTQTSLDDYPIK","YEAST",5.65369296824409,397719.503414138,7968.950659175
"DTTLDVLLK","YEAST",-4.0864367400692,12639.7448820781,216587.686086655
"FSAETLSELIR","YEAST",4.41360128569456,330531.227185795,15643.7742161362
"KLSQLVK","YEAST",5.84527305661808,1395885.3616406,24490.7818062874
"LGFTFSYPVDQTSLNSGTLIR","YEAST",4.49076045424407,342399.745429903,15361.5575459824
"SAYLAAVPIAAILIK","YEAST",4.89181751662273,707300.893326538,24031.2200293289
"VFGLNNIQAEELVEFSSGVK","YEAST",4.08757122935607,675275.321832658,40064.0406819884
"VFLVGSGAIGC[CAM]EMLK","YEAST",4.11279493523945,584983.574854263,34105.5022659087
"YNAFIASEVLIK","YEAST",4.34419794489314,1735347.80327228,86180.311778151
"AADGSTVAQTALSYDDYR","ECOLI",-4.09310633566959,2720.79806845052,46838.1261716259
"AAFDFAVEHQSVER","ECOLI",-4.47520530858367,15205.2799343134,341130.753680877
"AANAGGVATSGLEMAQNAAR","ECOLI",-4.40404339029105,12274.2406492917,262119.430423348
"AFVEYLNK","ECOLI",-4.62993496444605,227793.636955254,5689135.92333736
"ASYSGFTLVLDSQQVEEGKR","ECOLI",4.52533779882118,1706968.77356486,74768.484433138
"DKPLGAVALK","ECOLI",4.29264901545539,1083451.64357612,55763.3475662328
"EAFPGDVFYLHSR","ECOLI",-4.56937114095789,54839.1420223085,1313299.70072716
"LYKEDLIYR","ECOLI",-4.58983128873958,8945.60781814194,217291.214084452
"MKPTTISLLQK","ECOLI",-4.98463919132069,13434.1909941536,429035.127345016
"SPLLPQLGLGADYTYSNGYR","ECOLI",-4.74491260943056,3940.95610029058,106590.386859539
"VFM[Oxi]QPASEGTGIIAGGAMR","ECOLI",-4.28225140611468,15340.4396836266,301078.226185709
"YEGFGPNGSMIIAETLTSNVNR","ECOLI",-4.38216355292026,10713.4682933661,225345.133221633
