"entry","species","logratio","sample1means","sample2means"
"DYVLNKK","YEAST",6.44738813730905,564641.027218326,6497.41878684647
"ELAAQSLSLAPQILVEK","YEAST",4.48376989159584,217411.016520815,9757.93604468965
"IEEVIDLILR","YEAST",4.89647478255432,22773.7933436607,767.847977349912
"IGASALGGGLSAWNQPIEVIR","YEAST",4.00593646267512,37496.6204059804,2343.74706929221
"IQRPEYFITANDVK","YEAST",5.07383965191694,189935.73693821,5663.10233323127
"MVVTLIHPIAM[Oxi]DDGLR","ECOLI",-4.0821990297853,15338.8415630177,260905.100649782
