"entry","species","logratio","sample1means","sample2means"
"CLEDLTSR","HUMAN",5.69761429820719,8278123.5,153025.666666667
"DVSSVELLMNNHQGIK","HUMAN",-5.61946906120622,113447,5350655
"LAEIIWQNR","HUMAN",-5.31709261899108,275225,10526341
"SEELLIR","HUMAN",-4.30809604296877,39059,742288
"DESLLADELR","YEAST",-7.33591048475649,63999,9919447.33333333
"DILDISASLEK","YEAST",4.11558200520465,1100984,60933
"IATVIEPIK","YEAST",-4.00085367677127,56659,870224
"NGIQFVNWPK","YEAST",4.10438401605249,1781781,99379.5
"SFDVPPPPIDASSPFSQKGDER","YEAST",4.76142859164337,1528419,54062.3333333333
"TFIAVKPDGVQR","YEAST",4.37104651391772,2552373,118335
"TGQLGDVMK","YEAST",-4.47963670360087,67092,1436021.5
"AFTDFFAR","ECOLI",5.37672585018111,11486364,265223.5
"AVIESENSAERDQLLENLQEGMEVK","ECOLI",4.23413117751418,5874953,299494.666666667
"DFELSGIGLPK","ECOLI",4.7626187750592,1958959,69234
"DIKEQEVYMGEIPLMTDNGTFVINGTER","ECOLI",-4.18323385951386,61258,1067645
"EALETFMKETIDEGLWDTLSAR","ECOLI",4.428118850281,1024920,45675
"EMGTGLVVTELMGQGVSAITGDYSR","ECOLI",4.73312301156411,1539974.33333333,55550.3333333333
"ESLGLDSESIR","ECOLI",4.138303096608,2843059.5,154888
"FLWFIESNIE","ECOLI",5.02810588932109,767452,22564.5
"GAFSWVTR","ECOLI",-4.64667344112705,56855,1366287
"VLINLLPNTPETVGIINQQLLEK","ECOLI",4.13976203728419,1723413,93795.5
"VTVKDAIAADQLFTTLMGDAVEPR","ECOLI",5.20217774155689,1815928,47323
