"entry","species","logratio","sample1means","sample2means"
"CLEDLTSR","HUMAN",5.84252101050549,6218897,103925.333333333
"DVSSVELLMNNHQGIK","HUMAN",-5.85754927998732,58080,3229288
"EVESMGAHLNAYSTR","HUMAN",4.06185285268928,1721764,98859
"LAEIIWQNR","HUMAN",-5.36212370243114,144292,5690946
"SEELLIR","HUMAN",-4.66071616725408,23473,569332.666666667
"DESLLADELR","YEAST",-7.33844614153057,34421,5341928
"DILDISASLEK","YEAST",4.37254240606877,762404,35294
"ESFPGLEVIAGNVVTR","YEAST",-4.34898024369436,140963.333333333,2754620.66666667
"IATVIEPIK","YEAST",-4.85683026957294,29732,826148
"NGIQFVNWPK","YEAST",4.87749438847209,1612135,52591
"QAVVNPENTLFATK","YEAST",4.23730875029853,2635286.5,133984
"SFDVPPPPIDASSPFSQKGDER","YEAST",4.61070192759873,778502,30555
"TFIAVKPDGVQR","YEAST",4.75652657318686,1762808.5,62536
"TGQLGDVMK","YEAST",-5.26213711405089,36417,1340131.5
"AAFISDFQLGDFDR","ECOLI",4.27367663864874,1477698,73259.3333333333
"AFTDFFAR","ECOLI",5.00992986908075,6397365.5,190390
"AVIESENSAERDQLLENLQEGMEVK","ECOLI",4.49036135478403,4879442,208170.333333333
"DFELSGIGLPK","ECOLI",5.35787370279104,1662250,38868.5
"DIKEQEVYMGEIPLMTDNGTFVINGTER","ECOLI",-4.95147562490744,31241,926936
"EALETFMKETIDEGLWDTLSAR","ECOLI",4.82535965280744,740900,25059
"EMGTGLVVTELMGQGVSAITGDYSR","ECOLI",5.16123247840969,1095221.33333333,29349.3333333333
"ESLGLDSESIR","ECOLI",4.28658954001855,1623662.5,79778.5
"FLWFIESNIE","ECOLI",5.07262798869898,460677,13127
"GAFSWVTR","ECOLI",-4.14250216750556,42287,716154
"GVLAVMPDMDKFPYTVR","ECOLI",-4.30819799067051,44101,837775
"LAQFDLIDSK","ECOLI",4.70902680964004,968142.5,35494.6666666667
"LFPFFGFTAENIVAK","ECOLI",4.81930478847044,1631256,55405
"VLINLLPNTPETVGIINQQLLEK","ECOLI",4.47919128158773,1357772,58376.5
"VTVKDAIAADQLFTTLMGDAVEPR","ECOLI",5.49368695609612,1243266,26459.5
