"entry","species","logratio","sample1means","sample2means"
"C8Z704_YEAS8","YEAST",4.04546487331199,703780,41089
"CPXA_ECOLI","ECOLI",8.33756217125074,79128477,235815
"YJGR_ECOLI","ECOLI",4.53570427456166,11116009,462020
