"entry","species","logratio","sample1means","sample2means"
"C8Z704_YEAS8","YEAST",4.07835473985615,673515,38471
"CPXA_ECOLI","ECOLI",8.3768488288232,79111366,229641
"YJGR_ECOLI","ECOLI",4.59939601045369,11083670,441185
