"entry","species","logratio","sample1means","sample2means"
"CLEDLTSR","HUMAN",5.60556144220916,9223357.5,181899.333333333
"DVSSVELLMNNHQGIK","HUMAN",-5.03287713870232,178923,5624674
"LAEIIWQNR","HUMAN",-4.94619072356337,365867,10830767
"DESLLADELR","YEAST",-6.83229311746203,93008,10177232
"SFDVPPPPIDASSPFSQKGDER","YEAST",4.39377455334928,1876933,85738.3333333333
"TFIAVKPDGVQR","YEAST",4.26557941990484,3102502.5,154892
"AFTDFFAR","ECOLI",5.39516102393611,14885111,339649.5
"DFELSGIGLPK","ECOLI",4.11463452658032,2176348,120638
"EMGTGLVVTELMGQGVSAITGDYSR","ECOLI",4.32773307821045,2049476.66666667,98005.3333333333
"FLWFIESNIE","ECOLI",4.76545037861962,926304,32703.5
"GAFSWVTR","ECOLI",-4.62989636892033,78915,1876210
"VTVKDAIAADQLFTTLMGDAVEPR","ECOLI",4.80130379386016,2214959.5,76280.5
