"entry","species","logratio","sample1means","sample2means"
"CLEDLTSR","HUMAN",5.53652539818648,9236639,191197.333333333
"DVSSVELLMNNHQGIK","HUMAN",-4.81218640185749,209910,5665962
"LAEIIWQNR","HUMAN",-4.82050248558357,400711,10878654.5
"DESLLADELR","YEAST",-6.75523554346785,98195,10191684.6666667
"SFDVPPPPIDASSPFSQKGDER","YEAST",4.37219794637839,1986929,92182.3333333333
"TFIAVKPDGVQR","YEAST",4.22004851380419,3273659.5,168772
"AFTDFFAR","ECOLI",5.34776891693869,14893807.5,351394.5
"EMGTGLVVTELMGQGVSAITGDYSR","ECOLI",4.2443558773403,2243483.33333333,113729.333333333
"FLWFIESNIE","ECOLI",4.73113093660193,976169,35313.5
"GAFSWVTR","ECOLI",-4.55407430318243,83675,1888586
"VTVKDAIAADQLFTTLMGDAVEPR","ECOLI",4.66075893323607,2305330.5,87565.5
