"entry","species","logratio","sample1means","sample2means"
"DC[+57]VAIAC[+57]DLR","YEAST",-4.90366146068113,176219.5,5248811.5
"FKEASAAYEILSDSEKR","YEAST",4.78075458391451,1921304,69551
"IM[+16]WVMYEHPETHFEELALR","ECOLI",4.05948285788984,933288,55699
"KILEEAVSTALELASGK","ECOLI",4.46245014006921,584030.333333333,26361
"LRDTSAEAK","ECOLI",4.07724491727781,466479,27499
