"entry","species","logratio","sample1means","sample2means"
"HVAEDLGK","HUMAN",4.62191581552016,1313714.8249218,51613.0136361
"DAGSMLGR","YEAST",4.68407449200025,1735601.1379812,65312.5164426
"TFFVGGNFK","YEAST",4.93451901751562,4474700.2814073,141553.0162158
"ESDENDAQIAER","ECOLI",-4.67107184600562,6019.754895,148355.9473032
"GMVPPLAMGLATMVAR","ECOLI",-5.25763913783418,5490.7461315,203203.8191253
"KYDIPVVM(UniMod:35)DSAR","ECOLI",-4.05065166398912,31445.0105697,504095.4910194
"LLVSELSGVEPK","ECOLI",-4.41842807765718,29139.2620281,602769.6107013
"LSLFDPLTGQIVSTIPR","ECOLI",-4.6216987542589,5793.5580444,137977.6466418
"MEPFFPSGLK","ECOLI",-4.16499871703167,23590.1425158,409367.655102
