"entry","species","logratio","sample1means","sample2means"
"AMGIMNSFVNDIFER","HUMAN",8.18992602092209,24456325.0476415,81948.9299706
"FGDLILK","HUMAN",-5.1305173743939,96571.461861,3310197.5467071
"LVQDVANNTNEEAGDGTTTATVLAR","HUMAN",-4.60124103685388,127409.6324928,3026072.4123357
"VNQIGSVTESIQAC(UniMod:4)K","HUMAN",-5.37251654626176,134171.2157688,5438930.0271432
"VNQIGSVTESLQAC(UniMod:4)K","HUMAN",-5.37251654626176,134171.2157688,5438930.0271432
"AVYSDLLK","YEAST",4.58983516047449,3578231.69382735,145397.1465639
"EINEHSTSYTFR","YEAST",5.13839407298538,858063.1594059,23838.2293842
"AGKPLLIIAEDVEGEALATLVVNTMR","ECOLI",-4.66304592350017,2488.1653566,61682.4218241
"AIDKPFLLPIEDVFSISGR","ECOLI",5.00986201291828,4968778.657059,150902.4860406
"KHITAGAK","ECOLI",-4.5919262819119,32389.9296714,764333.7515226
"QVPILQK","ECOLI",-4.33762382658967,173485.6877376,3432290.3370987
"YEGFGPNGSMIIAETLTSNVNR","ECOLI",-4.96254206144399,37005.0750909,1129017.7997343
