"entry","species","logratio","sample1means","sample2means"
"IIIPEIQK","HUMAN",-6.54769653125508,1669579.6834752,153124032.128376
"MFLLVGAPK","HUMAN",-5.33041341236025,214350.2880064,8455154.4388192
"DFIDLMR","YEAST",-4.41043861755925,326583.10272,6808495.8262272
"ITFIDGDEGILLHR","ECOLI",-4.10411147830151,108383.857344,1827293.9265728
