"entry","species","logratio","sample1means","sample2means"
"1/sp|P06756|ITAV_HUMAN","HUMAN",-4.52738607038917,190667.9582192,4327289.5998304
"1/sp|P55060|XPO2_HUMAN","HUMAN",-5.047150000918,1599540.17989049,52047267.3574037
