"entry","species","logratio","sample1means","sample2means"
"AYPHVFTK","HUMAN",4.31320112365514,307565.21354144,15680.5329042945
"C[CAM]GGIDKR","YEAST",5.57080535992208,1454580.29061236,31015.9226525328
"DKSFAIDK","YEAST",-5.79739008634432,52162.2731429749,2940162.54770125
"DLGDSALAMASGIPTVK","YEAST",4.25358070736461,159465.754437253,8473.02659643292
"FSAETLSELIR","YEAST",5.91185403477401,249578.546101709,4201.34528903836
"HEWPSLVDELVAEGR","YEAST",5.08894932638418,741015.926582519,22066.2060050246
"QIVFEIPSQTN","YEAST",4.35427258752871,229307.493088234,11362.6101918943
"TVFIQELINNIAK","YEAST",8.24271046994839,1813611.46271289,6068.30882663379
"VFGLNNIQAEELVEFSSGVK","YEAST",5.64623477584396,587053.815378818,11880.0537217585
"VGLFSYGSGLAASLYSC[CAM]K","YEAST",6.06772239693134,301292.950448946,4552.49044700771
"VINDAFGIEEGLM[Oxi]TTVHSMTATQK","YEAST",7.00441614155837,715705.79141807,5649.65190769998
"VLIKDEAK","YEAST",-4.96330099007477,17867.8896319497,564939.909981121
"YNAFIASEVLIK","YEAST",4.4310715589374,1570349.91422848,73779.80492795
"DVDVWHPDVR","ECOLI",-4.13220859313501,8116.80443720674,144254.821239702
"GVVVQDAALLESGAAIR","ECOLI",-4.29874915736996,11610.6700103217,231598.766453155
"HLVSPADALPGR","ECOLI",-4.01317445101012,12137.8901266551,198634.924274586
"QDFLNSLTVEMLNQDLR","ECOLI",4.01083090514369,236075.73672535,14842.1721093883
"YMENSLKEQEK","ECOLI",-4.01096098646337,7395.47453906521,120840.394454547
