"entry","species","logratio","sample1means","sample2means"
"1/tr|C8Z6V2|C8Z6V2_YEAS8","YEAST",-4.03904030392317,46734.7066636078,778442.913132971
"1/tr|D3UF30|D3UF30_YEAS8","YEAST",4.44179007822247,1137297.748434,53024.5625482149
"1/sp|P0A7A7|PLSB_ECOLI","ECOLI",-4.45559890919096,10322.6666056473,229496.350801244
"1/sp|P45470|YHBO_ECOLI","ECOLI",-4.89661044735561,43376.686316194,1309175.76273542
