"entry","species","logratio","sample1means","sample2means"
"HAVSEGTK","HUMAN",-4.8182925103964,48597.0470551648,1376698.99277962
"IQLQIQETLQR","HUMAN",4.82651439503122,195098.54885913,6904.09839592159
"EIDVAGGKK","YEAST",4.17739001904749,107150.658798651,5946.39407098696
"SFEEAKR","YEAST",4.66515892102844,185180.92571272,7328.61693017061
"TLPNLVNGIFK","YEAST",4.5544998364803,469926.976626511,20080.1915498365
"RVPETMPPQLFEK","ECOLI",-4.63200621043737,33247.7408414529,827777.258028875
