"entry","species","logratio","sample1means","sample2means"
"C8Z799_YEAS8","YEAST",4.57775879762604,5354121.33333333,216031.333333333
"C8ZFB5_YEAS8","YEAST",-4.07679867561175,334073,5431894.33333333
"FCJ1_YEAS8","YEAST",4.70310665307308,2933301.33333333,108505.5
"CPXA_ECOLI","ECOLI",9.55066318258174,53497867,68734
"GYRA_ECOLI","ECOLI",-4.78873630800768,221646.333333333,5903167
"YJGR_ECOLI","ECOLI",5.88469084834837,10763316,175529
