"entry","species","logratio","sample1means","sample2means"
"C8Z704_YEAS8","YEAST",4.15905533260183,518723.666666667,27992
"CPXA_ECOLI","ECOLI",8.90930448764692,78999582,158400
"YJGR_ECOLI","ECOLI",4.93715892405014,10972846,345290.5
