"entry","species","logratio","sample1means","sample2means"
"C8Z704_YEAS8","YEAST",4.10922414912147,616047.666666667,34459
"CPXA_ECOLI","ECOLI",8.6142503629359,79058854,194756
"YJGR_ECOLI","ECOLI",4.74663290035168,11032288,396711.5
