"entry","species","logratio","sample1means","sample2means"
"QVDLIDLVR","HUMAN",-6.48503461550055,9.2587308847499,780.368804064635
"LGANPVPLQLAIGAEEHFTGVVDLVK","ECOLI",-4.00067386870428,2.76881668850029,41.7037912277074
