"entry","species","logratio","sample1means","sample2means"
"VFGLNNIQAEELVEFSSGVK","YEAST",5.63361211371191,587053.815378818,11880.0537217585
"VGLFSYGSGLAASLYSC[CAM]K","YEAST",6.05509973479929,301292.950448946,4552.49044700771
"VINDAFGIEEGLM[Oxi]TTVHSMTATQK","YEAST",6.99179347942632,715705.79141807,5649.65190769998
"YNAFIASEVLIK","YEAST",4.41844889680535,1570349.91422848,73779.80492795
