"entry","species","logratio","sample1means","sample2means"
"GLGDC[CAM]LVK","HUMAN",5.76708934739028,225.457657647366,3.86914025588932
"NALDPMSVLLAR","HUMAN",6.71540808542099,248.024505029556,2.20582821980156
"DIVNIIK","YEAST",-4.25796312185399,12.3454235386412,220.748101818118
"VINDAFGIEEGLMTTVHSMTATQK","YEAST",4.99600780303056,59.6762485382471,1.74771120433871
"AAPDVQLLMNDSQNDQSK","ECOLI",-4.00781274946091,0.782043627454368,11.7576140406535
"ALADSC[CAM]TDC[CAM]R","ECOLI",-4.13556649822098,0.534973807247563,8.787765268028
"EAFATIAVAADKVDVLK","ECOLI",-4.06095503343299,1.27138475194965,19.8318230298761
"KPVNSWTC[CAM]EDFLAVDESFQPTAVGFAEALNNK","ECOLI",-4.33120363781051,0.510152101683274,9.59706102084983
"LLSNFFAQTEALAFGK","ECOLI",-4.07938701011537,3.99933197107269,63.1861177714503
"LTAAC[CAM]FDRWDLPLSDMYTPYVFPSENGLR","ECOLI",-4.33627393847033,0.310176382292333,5.85562983549772
"MIQEQTMLNVADNSGAR","ECOLI",-5.30312779245773,4.70642188428903,173.663182246324
"SVANAIIAAC[CAM]DEVLNNGK","ECOLI",-4.05291144432882,2.50925728838695,38.9232837717502
