"entry","species","logratio","sample1means","sample2means"
"1/sp|Q9UKN8|TF3C4_HUMAN","HUMAN",-5.77190743659662,33.4827105760939,1794.01088675016
"1/sp|P0A722|LPXA_ECOLI","ECOLI",4.76625216728261,2813.59890911599,101.382853917819
