"entry","species","logratio","sample1means","sample2means"
"LHFF[15.995(M)]MPGFAPLTSR","HUMAN",-4.94033724498037,243484.9508869,7309167.1297363
"YG[57.021(C)]CLAGVR","HUMAN",7.71273602766145,2470497.3189374,11513.9824491
"AAFLGSEVR","YEAST",-6.69567126810691,16197.6363267,1641555.6333505
"EGPAEDFANQEAIAK","ECOLI",-4.44267271051688,13790.7586396,293205.406170867
"GATVELADGVEGYLR","ECOLI",-6.57423893708313,13335.4034015,1242382.55819893
"GT[57.021(C)]CQTYILGQR","ECOLI",-5.14290569199867,114099.0125182,3941457.36487115
"[42.011(N-term)]MLTVIAEIR","ECOLI",-5.26675143137578,59001.0287081,2220832.546962
