"entry","species","logratio","sample1means","sample2means"
"AVIEHNLLSASK","HUMAN",4.33822880169048,34.189721129668,1.6086185315185
"C[CAM]PEALFQPSFLGMESC[CAM]GIHETTFNSIM[Oxi]K","HUMAN",4.13357603329876,409.017750091858,22.1771782161222
"C[CAM]PEALFQPSFLGM[Oxi]ESC[CAM]GIHETTFNSIMK","HUMAN",4.7349493373865,556.037867209247,19.8717949310242
"GMGGAFVLVLYDEIKK","HUMAN",-4.10046379870103,0.391204144217554,6.38646524072299
"LLPEQLIK","HUMAN",-5.73503459561902,39.7914561023876,2016.98086269175
"VETGVLKPGM[Oxi]VVTFAPVNVTTEVK","HUMAN",5.47995254321545,705.483848110226,15.0435900916481
"AAAPTVVFLDELDSIAK","YEAST",6.68321761327346,24.8294814234529,0.22993929023473
"IVIPLFNK","YEAST",-5.63695971807343,5.34797840764739,253.26671131268
"KVSDVLNASR","YEAST",-4.05611471579372,3.0267875024346,47.9168912150343
"SAYLAAVPIAAILIK","YEAST",4.19465896800131,31.1504285643527,1.61897581642139
"VINATPTMVIPPLILVR","YEAST",4.32743345327172,6.81543063028831,0.323072903317564
"ASYSGFTLVLDSQQVEEGKR","ECOLI",4.82109439498242,55.8297907730782,1.87960452511751
"DKPLGAVALK","ECOLI",4.01769977549994,54.1999807524303,3.18453108678201
"EAFPGDVFYLHSR","ECOLI",-4.69873292670523,2.89487794242571,71.5458283314408
"LVHTLNGSGLAVGR","ECOLI",-5.14902840041859,4.14407301053494,139.937432588426
"MKPTTISLLQK","ECOLI",-4.4470969990348,0.956413749654119,19.8540864135691
"NEPSGSLHGLMR","ECOLI",-4.16347777824643,0.825413858510771,14.0766061705256
"SADAAGVHAVIVPK","ECOLI",4.34752603355252,59.6930781067683,2.7905045662021
