"entry","species","logratio","sample1means","sample2means"
"C[+57]LEDLTSR","HUMAN",4.11728173170707,1573944.5,92652
"GTFIAWDLPTGEK","YEAST",5.02863252239209,2941369,92060
"IQQLLTDEGVLGK","YEAST",-4.06201698486735,59841,1021124
"KLEGLQK","YEAST",-4.96769563661307,109754.333333333,3508631.5
"VFEDIPIEEAEK","YEAST",-5.26693478121925,70190,2761031
"FGETYINR","ECOLI",-4.10856148643541,31238,550521.333333333
"IIAGNIINFSR","ECOLI",-4.58293478451295,47856,1171731
