"entry","species","logratio","sample1means","sample2means"
"ALMLQGVDLLADAVAVTMGPK","HUMAN",5.09714005786168,1144135.9400576,32083.2716736
"LLPEQLIK","HUMAN",5.26956673570071,26222841.1488213,652491.957181867
"DESLLADELR","YEAST",-6.6835582839082,83593.3044352,8247381.5086208
"AAGYHQTLLQIPQMYQLDTPFVNVIK","ECOLI",-4.54475562538898,104198.449824,2334329.155872
