"DIAumpire.HUMAN"	"OpenSWATH.HUMAN"	"PeakView.HUMAN"	"Skyline.HUMAN"	"Spectronaut.HUMAN"
"iteration.1"	0.0322008795559227	-0.0243824234730915	-0.00479267264396722	-0.00628858747355018	-0.0153039238496541
"iteration.2"	NA	-0.00491168680728697	-0.00333897601226734	-0.0278366605939982	-0.00606468383053969
