"DIAumpire"	"OpenSWATH"	"PeakView"	"Skyline"	"Spectronaut"
"peptides.iteration.1"	10.3078980268374	9.22341654372909	10.0491375189087	9.68393032229903	10.7480239761834
"peptides.iteration.2"	NA	10.4520427041446	9.52455620708112	9.4647839676387	11.69558887547
"proteins.iteration.1"	8.19888031802322	6.69033339617233	8.21046271185863	7.88866520000452	8.73285348776131
"proteins.iteration.2"	NA	8.17405295512416	7.81528282421742	7.80077200215114	9.1034472593913
