"entry","species","logratio","sample1means","sample2means"
"STELLIR","HUMAN",-5.56813317210494,94397.0634801415,4526270.75417393
"EDGIIAQAVDDSR","YEAST",-4.08146631723637,31276.1111899097,535135.147629182
