"entry","species","logratio","sample1means","sample2means"
"1/tr|C8ZH60|C8ZH60_YEAS8","YEAST",4.1022365978597,4331109.14344282,258032.72063919
"1/sp|P04693|TYRB_ECOLI","ECOLI",-4.04105525161145,8727.49702593268,147007.832079688
